,label,area (sq Âµm),division_number,division_period
0,0,595.0,0,0
1,1,603.0,0,0
2,2,617.0,0,0
3,3,616.0,0,0
4,4,611.0,0,0
5,5,624.0,0,0
6,6,634.0,0,0
7,7,625.0,0,0
8,8,640.0,0,0
9,9,636.0,0,0
10,10,643.0,0,0
11,11,654.0,0,0
12,12,642.0,0,0
13,13,648.0,0,0
14,14,650.0,0,0
15,15,664.0,0,0
16,16,653.0,0,0
17,17,654.0,0,0
18,18,683.0,0,0
19,19,669.0,0,0
20,20,680.0,0,0
21,21,689.0,0,0
22,22,678.0,0,0
23,23,696.0,0,0
24,24,689.0,0,0
25,25,692.0,0,0
26,26,695.0,0,0
27,27,691.0,0,0
28,28,697.0,0,0
29,29,703.0,0,0
30,30,726.0,0,0
31,31,722.0,0,0
32,32,723.0,0,0
33,33,723.0,0,0
34,34,744.0,0,0
35,35,742.0,0,0
36,36,756.0,0,0
37,37,749.0,0,0
38,38,743.0,0,0
39,39,745.0,0,0
40,40,756.0,0,0
41,41,768.0,0,0
42,42,770.0,0,0
43,43,772.0,0,0
44,44,785.0,0,0
45,45,785.0,0,0
46,46,787.0,0,0
47,47,800.0,0,0
48,48,799.0,0,0
49,49,814.0,0,0
50,50,803.0,0,0
51,51,825.0,0,0
52,52,827.0,0,0
53,53,823.0,0,0
54,54,830.0,0,0
55,55,829.0,0,0
56,56,852.0,0,0
57,57,876.0,0,0
58,58,858.0,0,0
59,59,873.0,0,0
60,60,877.0,0,0
61,61,900.0,0,0
62,62,872.0,0,0
63,63,870.0,0,0
64,64,885.0,0,0
65,65,897.0,0,0
66,66,901.0,0,0
67,67,902.0,0,0
68,68,896.0,0,0
69,69,918.0,0,0
70,70,917.0,0,0
71,71,933.0,0,0
72,72,939.0,0,0
73,73,921.0,0,0
74,74,939.0,0,0
75,75,951.0,0,0
76,76,951.0,0,0
77,77,942.0,0,0
78,78,958.0,0,0
79,79,970.0,0,0
80,80,973.0,0,0
81,81,986.0,0,0
82,82,989.0,0,0
83,83,996.0,0,0
84,84,1006.0,0,0
85,85,1022.0,0,0
86,86,1037.0,0,0
87,87,1004.0,0,0
88,88,1033.0,0,0
89,89,1045.0,0,0
90,90,1045.0,0,0
91,91,1075.0,0,0
92,92,1068.0,0,0
93,93,1067.0,0,0
94,94,591.0,0,0
95,95,1079.0,0,0
96,96,1060.0,0,0
97,97,599.0,1,97
98,98,608.0,0,0
99,99,611.0,0,0
100,100,608.0,0,0
101,101,636.0,0,0
102,102,626.0,0,0
103,103,639.0,0,0
104,104,633.0,0,0
105,105,634.0,0,0
106,106,636.0,0,0
107,107,653.0,0,0
108,108,651.0,0,0
109,109,661.0,0,0
110,110,664.0,0,0
111,111,677.0,0,0
112,112,667.0,0,0
113,113,665.0,0,0
114,114,690.0,0,0
115,115,680.0,0,0
116,116,673.0,0,0
117,117,684.0,0,0
118,118,694.0,0,0
119,119,696.0,0,0
120,120,691.0,0,0
121,121,701.0,0,0
122,122,707.0,0,0
123,123,710.0,0,0
124,124,710.0,0,0
125,125,723.0,0,0
126,126,724.0,0,0
127,127,715.0,0,0
128,128,725.0,0,0
129,129,739.0,0,0
130,130,734.0,0,0
131,131,747.0,0,0
132,132,743.0,0,0
133,133,751.0,0,0
134,134,749.0,0,0
135,135,773.0,0,0
136,136,773.0,0,0
137,137,764.0,0,0
138,138,767.0,0,0
139,139,595.0,0,0
140,140,792.0,0,0
141,141,791.0,0,0
142,142,784.0,0,0
143,143,799.0,0,0
144,144,808.0,0,0
145,145,811.0,0,0
146,146,809.0,0,0
147,147,821.0,0,0
148,148,819.0,0,0
149,149,813.0,0,0
150,150,835.0,0,0
151,151,839.0,0,0
152,152,836.0,0,0
153,153,847.0,0,0
154,154,855.0,0,0
155,155,855.0,0,0
156,156,862.0,0,0
157,157,869.0,0,0
158,158,875.0,0,0
159,159,875.0,0,0
160,160,883.0,0,0
161,161,880.0,0,0
162,162,901.0,0,0
163,163,909.0,0,0
164,164,901.0,0,0
165,165,924.0,0,0
166,166,910.0,0,0
167,167,919.0,0,0
168,168,919.0,0,0
169,169,929.0,0,0
170,170,941.0,0,0
171,171,933.0,0,0
172,172,939.0,0,0
173,173,942.0,0,0
174,174,951.0,0,0
175,175,962.0,0,0
176,176,975.0,0,0
177,177,981.0,0,0
178,178,970.0,0,0
179,179,985.0,0,0
180,180,992.0,0,0
181,181,996.0,0,0
182,182,1004.0,0,0
183,183,1018.0,0,0
184,184,1021.0,0,0
185,185,1032.0,0,0
186,186,1028.0,0,0
187,187,1042.0,0,0
188,188,1046.0,0,0
189,189,1063.0,0,0
190,190,1058.0,0,0
191,191,1073.0,0,0
192,192,1081.0,0,0
193,193,1088.0,0,0
194,194,1073.0,0,0
195,195,1093.0,0,0
196,196,623.0,2,99
197,197,612.0,0,0
198,198,622.0,0,0
199,199,626.0,0,0
200,200,631.0,0,0
201,201,643.0,0,0
202,202,635.0,0,0
203,203,650.0,0,0
204,204,652.0,0,0
205,205,661.0,0,0
206,206,651.0,0,0
207,207,651.0,0,0
208,208,660.0,0,0
209,209,671.0,0,0
210,210,666.0,0,0
211,211,681.0,0,0
212,212,685.0,0,0
213,213,680.0,0,0
214,214,691.0,0,0
215,215,702.0,0,0
216,216,702.0,0,0
217,217,708.0,0,0
218,218,708.0,0,0
219,219,705.0,0,0
220,220,725.0,0,0
221,221,716.0,0,0
222,222,725.0,0,0
223,223,727.0,0,0
224,224,740.0,0,0
225,225,733.0,0,0
226,226,747.0,0,0
227,227,747.0,0,0
228,228,746.0,0,0
229,229,748.0,0,0
230,230,762.0,0,0
231,231,767.0,0,0
232,232,769.0,0,0
233,233,765.0,0,0
234,234,784.0,0,0
235,235,789.0,0,0
236,236,787.0,0,0
237,237,792.0,0,0
238,238,794.0,0,0
239,239,794.0,0,0
240,240,814.0,0,0
241,241,810.0,0,0
242,242,816.0,0,0
243,243,816.0,0,0
244,244,819.0,0,0
245,245,842.0,0,0
246,246,826.0,0,0
247,247,849.0,0,0
248,248,851.0,0,0
249,249,853.0,0,0
250,250,850.0,0,0
251,251,861.0,0,0
252,252,862.0,0,0
253,253,874.0,0,0
254,254,876.0,0,0
255,255,885.0,0,0
256,256,889.0,0,0
257,257,891.0,0,0
258,258,900.0,0,0
259,259,902.0,0,0
260,260,915.0,0,0
261,261,924.0,0,0
262,262,928.0,0,0
263,263,944.0,0,0
264,264,944.0,0,0
265,265,938.0,0,0
266,266,936.0,0,0
267,267,955.0,0,0
268,268,965.0,0,0
269,269,966.0,0,0
270,270,982.0,0,0
271,271,983.0,0,0
272,272,985.0,0,0
273,273,987.0,0,0
274,274,1005.0,0,0
275,275,1016.0,0,0
276,276,1014.0,0,0
277,277,1018.0,0,0
278,278,1020.0,0,0
279,279,1042.0,0,0
280,280,1042.0,0,0
281,281,1039.0,0,0
282,282,1051.0,0,0
283,283,1060.0,0,0
284,284,1063.0,0,0
285,285,1076.0,0,0
286,286,1089.0,0,0
287,287,1092.0,0,0
288,288,1097.0,0,0
289,289,1107.0,0,0
290,290,1111.0,0,0
291,291,1124.0,0,0
292,292,1127.0,0,0
293,293,1134.0,0,0
294,294,590.0,3,98
295,295,591.0,0,0
296,296,600.0,0,0
297,297,607.0,0,0
298,298,603.0,0,0
299,299,611.0,0,0
300,300,622.0,0,0
301,301,626.0,0,0
302,302,627.0,0,0
303,303,625.0,0,0
304,304,633.0,0,0
305,305,640.0,0,0
306,306,640.0,0,0
307,307,643.0,0,0
308,308,651.0,0,0
309,309,662.0,0,0
310,310,654.0,0,0
311,311,659.0,0,0
312,312,666.0,0,0
313,313,668.0,0,0
314,314,682.0,0,0
315,315,686.0,0,0
316,316,680.0,0,0
317,317,693.0,0,0
318,318,700.0,0,0
319,319,697.0,0,0
320,320,709.0,0,0
321,321,714.0,0,0
322,322,701.0,0,0
323,323,711.0,0,0
324,324,717.0,0,0
325,325,723.0,0,0
326,326,734.0,0,0
327,327,728.0,0,0
328,328,724.0,0,0
329,329,744.0,0,0
330,330,746.0,0,0
331,331,753.0,0,0
332,332,759.0,0,0
333,333,764.0,0,0
334,334,772.0,0,0
335,335,769.0,0,0
336,336,771.0,0,0
337,337,781.0,0,0
338,338,792.0,0,0
339,339,790.0,0,0
340,340,788.0,0,0
341,341,793.0,0,0
342,342,807.0,0,0
343,343,799.0,0,0
344,344,814.0,0,0
345,345,817.0,0,0
346,346,825.0,0,0
347,347,830.0,0,0
348,348,831.0,0,0
349,349,829.0,0,0
350,350,854.0,0,0
351,351,848.0,0,0
352,352,853.0,0,0
353,353,864.0,0,0
354,354,868.0,0,0
355,355,871.0,0,0
356,356,876.0,0,0
357,357,890.0,0,0
358,358,900.0,0,0
359,359,900.0,0,0
360,360,899.0,0,0
361,361,909.0,0,0
362,362,922.0,0,0
363,363,914.0,0,0
364,364,924.0,0,0
365,365,929.0,0,0
366,366,932.0,0,0
367,367,943.0,0,0
368,368,944.0,0,0
369,369,958.0,0,0
370,370,957.0,0,0
371,371,962.0,0,0
372,372,969.0,0,0
373,373,981.0,0,0
374,374,983.0,0,0
375,375,981.0,0,0
376,376,991.0,0,0
377,377,996.0,0,0
378,378,1003.0,0,0
379,379,1012.0,0,0
380,380,1020.0,0,0
381,381,1027.0,0,0
382,382,1041.0,0,0
383,383,1041.0,0,0
384,384,1050.0,0,0
385,385,1059.0,0,0
386,386,1063.0,0,0
387,387,1069.0,0,0
388,388,1078.0,0,0
389,389,1079.0,0,0
390,390,1085.0,0,0
391,391,638.0,0,0
392,392,1097.0,0,0
393,393,641.0,0,0
394,394,1103.0,0,0
395,395,1147.0,0,0
396,396,656.0,4,102
397,397,666.0,0,0
398,398,675.0,0,0
399,399,668.0,0,0
400,400,672.0,0,0
401,401,677.0,0,0
402,402,690.0,0,0
403,403,683.0,0,0
404,404,688.0,0,0
405,405,685.0,0,0
406,406,697.0,0,0
407,407,689.0,0,0
408,408,703.0,0,0
409,409,705.0,0,0
410,410,724.0,0,0
411,411,713.0,0,0
412,412,716.0,0,0
413,413,734.0,0,0
414,414,734.0,0,0
415,415,735.0,0,0
416,416,750.0,0,0
417,417,742.0,0,0
418,418,750.0,0,0
419,419,753.0,0,0
420,420,762.0,0,0
421,421,758.0,0,0
422,422,774.0,0,0
423,423,778.0,0,0
424,424,780.0,0,0
425,425,783.0,0,0
426,426,790.0,0,0
427,427,796.0,0,0
428,428,799.0,0,0
429,429,811.0,0,0
430,430,815.0,0,0
431,431,809.0,0,0
432,432,820.0,0,0
433,433,825.0,0,0
434,434,828.0,0,0
435,435,846.0,0,0
436,436,848.0,0,0
437,437,850.0,0,0
438,438,858.0,0,0
439,439,873.0,0,0
440,440,856.0,0,0
441,441,875.0,0,0
442,442,871.0,0,0
443,443,881.0,0,0
444,444,880.0,0,0
445,445,904.0,0,0
446,446,903.0,0,0
447,447,898.0,0,0
448,448,911.0,0,0
449,449,911.0,0,0
450,450,926.0,0,0
451,451,927.0,0,0
452,452,937.0,0,0
453,453,940.0,0,0
454,454,942.0,0,0
455,455,959.0,0,0
456,456,954.0,0,0
457,457,964.0,0,0
458,458,967.0,0,0
459,459,972.0,0,0
460,460,994.0,0,0
461,461,992.0,0,0
462,462,998.0,0,0
463,463,992.0,0,0
464,464,1004.0,0,0
465,465,1018.0,0,0
466,466,1020.0,0,0
467,467,1029.0,0,0
468,468,1036.0,0,0
469,469,1037.0,0,0
470,470,1037.0,0,0
471,471,1061.0,0,0
472,472,1073.0,0,0
473,473,1067.0,0,0
474,474,1068.0,0,0
475,475,1076.0,0,0
476,476,1089.0,0,0
477,477,1092.0,0,0
478,478,1106.0,0,0
479,479,1098.0,0,0
480,480,1116.0,0,0
481,481,1133.0,0,0
482,482,1130.0,0,0
483,483,1142.0,0,0
484,484,1171.0,0,0
485,485,1152.0,0,0
486,486,1171.0,0,0
487,487,1178.0,0,0
488,488,1175.0,0,0
489,489,1179.0,0,0
490,490,1196.0,0,0
491,491,1212.0,0,0
492,492,1196.0,0,0
493,493,703.0,5,97
494,494,714.0,0,0
495,495,707.0,0,0
496,496,716.0,0,0
497,497,714.0,0,0
498,498,716.0,0,0
499,499,1211.0,0,0
500,500,716.0,6,7
501,501,744.0,0,0
502,502,744.0,0,0
503,503,747.0,0,0
504,504,751.0,0,0
505,505,751.0,0,0
506,506,754.0,0,0
507,507,764.0,0,0
508,508,769.0,0,0
509,509,771.0,0,0
510,510,785.0,0,0
511,511,778.0,0,0
512,512,783.0,0,0
513,513,792.0,0,0
514,514,792.0,0,0
515,515,791.0,0,0
516,516,797.0,0,0
517,517,812.0,0,0
518,518,815.0,0,0
519,519,821.0,0,0
520,520,824.0,0,0
521,521,839.0,0,0
522,522,834.0,0,0
523,523,848.0,0,0
524,524,847.0,0,0
525,525,855.0,0,0
526,526,856.0,0,0
527,527,866.0,0,0
528,528,870.0,0,0
529,529,877.0,0,0
530,530,895.0,0,0
531,531,888.0,0,0
532,532,903.0,0,0
533,533,898.0,0,0
534,534,902.0,0,0
535,535,910.0,0,0
536,536,914.0,0,0
537,537,924.0,0,0
538,538,922.0,0,0
539,539,932.0,0,0
540,540,928.0,0,0
541,541,949.0,0,0
542,542,946.0,0,0
543,543,960.0,0,0
544,544,959.0,0,0
545,545,972.0,0,0
546,546,987.0,0,0
547,547,985.0,0,0
548,548,989.0,0,0
549,549,998.0,0,0
550,550,1011.0,0,0
551,551,1005.0,0,0
552,552,1024.0,0,0
553,553,1037.0,0,0
554,554,353.0,0,0
555,555,1023.0,0,0
556,556,1030.0,0,0
557,557,1046.0,0,0
558,558,1053.0,0,0
559,559,1050.0,0,0
560,560,1050.0,0,0
561,561,1066.0,0,0
562,562,1072.0,0,0
563,563,1085.0,0,0
564,564,1093.0,0,0
565,565,1095.0,0,0
566,566,1109.0,0,0
567,567,1121.0,0,0
568,568,1131.0,0,0
569,569,1143.0,0,0
570,570,1136.0,0,0
571,571,1143.0,0,0
572,572,1155.0,0,0
573,573,1152.0,0,0
574,574,1169.0,0,0
575,575,1179.0,0,0
576,576,1188.0,0,0
577,577,1203.0,0,0
578,578,1210.0,0,0
579,579,1206.0,0,0
580,580,1231.0,0,0
581,581,1236.0,0,0
582,582,1248.0,0,0
583,583,,0,0
584,584,1265.0,0,0
585,585,563.0,7,85
586,586,583.0,0,0
587,587,595.0,0,0
588,588,589.0,0,0
589,589,1286.0,0,0
590,590,1296.0,0,0
591,591,711.0,0,0
592,592,1286.0,0,0
593,593,1306.0,0,0
594,594,729.0,0,0
595,595,1296.0,0,0
596,596,732.0,8,11
597,597,752.0,0,0
598,598,755.0,0,0
599,599,754.0,0,0
600,600,752.0,0,0
601,601,764.0,0,0
602,602,778.0,0,0
603,603,772.0,0,0
604,604,777.0,0,0
605,605,795.0,0,0
606,606,792.0,0,0
607,607,798.0,0,0
608,608,792.0,0,0
609,609,822.0,0,0
610,610,822.0,0,0
611,611,822.0,0,0
612,612,834.0,0,0
613,613,832.0,0,0
614,614,839.0,0,0
615,615,841.0,0,0
616,616,834.0,0,0
617,617,844.0,0,0
618,618,853.0,0,0
619,619,857.0,0,0
620,620,862.0,0,0
621,621,858.0,0,0
622,622,877.0,0,0
623,623,878.0,0,0
624,624,883.0,0,0
625,625,893.0,0,0
626,626,892.0,0,0
627,627,895.0,0,0
628,628,901.0,0,0
629,629,907.0,0,0
630,630,909.0,0,0
631,631,929.0,0,0
632,632,930.0,0,0
633,633,935.0,0,0
634,634,937.0,0,0
635,635,941.0,0,0
636,636,955.0,0,0
637,637,965.0,0,0
638,638,968.0,0,0
639,639,980.0,0,0
640,640,997.0,0,0
641,641,981.0,0,0
642,642,999.0,0,0
643,643,1006.0,0,0
644,644,1005.0,0,0
645,645,1012.0,0,0
646,646,1004.0,0,0
647,647,1029.0,0,0
648,648,1045.0,0,0
649,649,1049.0,0,0
650,650,1043.0,0,0
651,651,1043.0,0,0
652,652,1075.0,0,0
653,653,1076.0,0,0
654,654,1083.0,0,0
655,655,1078.0,0,0
656,656,1102.0,0,0
657,657,1103.0,0,0
658,658,1103.0,0,0
659,659,1110.0,0,0
660,660,1115.0,0,0
661,661,1120.0,0,0
662,662,1122.0,0,0
663,663,1143.0,0,0
664,664,,0,0
665,665,,0,0
666,666,,0,0
667,667,,0,0
668,668,,0,0
669,669,,0,0
670,670,,0,0
671,671,,0,0
672,672,,0,0
673,673,,0,0
674,674,,0,0
675,675,,0,0
676,676,595.0,0,0
677,677,598.0,0,0
678,678,601.0,0,0
679,679,586.0,0,0
680,680,587.0,0,0
681,681,669.0,0,0
682,682,673.0,0,0
683,683,683.0,0,0
684,684,676.0,0,0
685,685,1285.0,0,0
686,686,1384.0,0,0
687,687,706.0,9,91
688,688,713.0,0,0
689,689,718.0,0,0
690,690,717.0,0,0
691,691,724.0,0,0
692,692,726.0,0,0
693,693,734.0,0,0
694,694,740.0,0,0
695,695,741.0,0,0
696,696,744.0,0,0
697,697,746.0,0,0
698,698,758.0,0,0
699,699,760.0,0,0
700,700,769.0,0,0
701,701,769.0,0,0
702,702,771.0,0,0
703,703,774.0,0,0
704,704,784.0,0,0
705,705,784.0,0,0
706,706,782.0,0,0
707,707,788.0,0,0
708,708,801.0,0,0
709,709,802.0,0,0
710,710,800.0,0,0
711,711,813.0,0,0
712,712,810.0,0,0
713,713,831.0,0,0
714,714,828.0,0,0
715,715,829.0,0,0
716,716,838.0,0,0
717,717,839.0,0,0
718,718,847.0,0,0
719,719,852.0,0,0
720,720,858.0,0,0
721,721,865.0,0,0
722,722,870.0,0,0
723,723,876.0,0,0
724,724,879.0,0,0
725,725,883.0,0,0
726,726,890.0,0,0
727,727,896.0,0,0
728,728,900.0,0,0
729,729,906.0,0,0
730,730,919.0,0,0
731,731,921.0,0,0
732,732,927.0,0,0
733,733,931.0,0,0
734,734,941.0,0,0
735,735,946.0,0,0
736,736,956.0,0,0
737,737,959.0,0,0
738,738,965.0,0,0
739,739,973.0,0,0
740,740,964.0,0,0
741,741,975.0,0,0
742,742,979.0,0,0
743,743,990.0,0,0
744,744,988.0,0,0
745,745,1010.0,0,0
746,746,1026.0,0,0
747,747,1022.0,0,0
748,748,1022.0,0,0
749,749,1025.0,0,0
750,750,1028.0,0,0
751,751,1045.0,0,0
752,752,1036.0,0,0
753,753,1054.0,0,0
754,754,1067.0,0,0
755,755,1074.0,0,0
756,756,1088.0,0,0
757,757,1089.0,0,0
758,758,1090.0,0,0
759,759,1106.0,0,0
760,760,1110.0,0,0
761,761,1110.0,0,0
762,762,1130.0,0,0
763,763,1145.0,0,0
764,764,1136.0,0,0
765,765,1153.0,0,0
766,766,1158.0,0,0
767,767,575.0,10,80
768,768,586.0,0,0
769,769,639.0,0,0
770,770,1219.0,0,0
771,771,1193.0,0,0
772,772,1187.0,0,0
773,773,1188.0,0,0
774,774,1169.0,0,0
775,775,644.0,11,8
776,776,668.0,0,0
777,777,674.0,0,0
778,778,669.0,0,0
779,779,682.0,0,0
780,780,678.0,0,0
781,781,686.0,0,0
782,782,698.0,0,0
783,783,692.0,0,0
784,784,694.0,0,0
785,785,681.0,0,0
786,786,702.0,0,0
787,787,718.0,0,0
788,788,708.0,0,0
789,789,711.0,0,0
790,790,730.0,0,0
791,791,728.0,0,0
792,792,729.0,0,0
793,793,736.0,0,0
794,794,731.0,0,0
795,795,742.0,0,0
796,796,749.0,0,0
797,797,745.0,0,0
798,798,759.0,0,0
799,799,759.0,0,0
800,800,764.0,0,0
801,801,769.0,0,0
802,802,779.0,0,0
803,803,782.0,0,0
804,804,776.0,0,0
805,805,790.0,0,0
806,806,797.0,0,0
807,807,787.0,0,0
808,808,801.0,0,0
809,809,818.0,0,0
810,810,824.0,0,0
811,811,811.0,0,0
812,812,822.0,0,0
813,813,833.0,0,0
814,814,827.0,0,0
815,815,838.0,0,0
816,816,851.0,0,0
817,817,852.0,0,0
818,818,849.0,0,0
819,819,865.0,0,0
820,820,870.0,0,0
821,821,882.0,0,0
822,822,887.0,0,0
823,823,900.0,0,0
824,824,899.0,0,0
825,825,913.0,0,0
826,826,907.0,0,0
827,827,916.0,0,0
828,828,927.0,0,0
829,829,918.0,0,0
830,830,935.0,0,0
831,831,935.0,0,0
832,832,935.0,0,0
833,833,936.0,0,0
834,834,936.0,0,0
835,835,961.0,0,0
836,836,956.0,0,0
837,837,975.0,0,0
838,838,965.0,0,0
839,839,979.0,0,0
840,840,988.0,0,0
841,841,987.0,0,0
842,842,999.0,0,0
843,843,1001.0,0,0
844,844,998.0,0,0
845,845,1015.0,0,0
846,846,1027.0,0,0
847,847,1031.0,0,0
848,848,1037.0,0,0
849,849,1047.0,0,0
850,850,1043.0,0,0
851,851,1062.0,0,0
852,852,1059.0,0,0
853,853,1070.0,0,0
854,854,1081.0,0,0
855,855,1086.0,0,0
856,856,1094.0,0,0
857,857,1112.0,0,0
858,858,1098.0,0,0
859,859,1113.0,0,0
860,860,1108.0,0,0
861,861,1116.0,0,0
862,862,1134.0,0,0
863,863,1133.0,0,0
864,864,1161.0,0,0
865,865,1172.0,0,0
866,866,543.0,12,91
867,867,526.0,0,0
868,868,542.0,0,0
869,869,,0,0
870,870,,0,0
871,871,,0,0
872,872,569.0,0,0
873,873,659.0,0,0
874,874,646.0,0,0
875,875,658.0,0,0
876,876,1185.0,0,0
877,877,660.0,13,11
878,878,674.0,0,0
879,879,685.0,0,0
880,880,686.0,0,0
881,881,683.0,0,0
882,882,685.0,0,0
883,883,703.0,0,0
884,884,694.0,0,0
885,885,703.0,0,0
886,886,719.0,0,0
887,887,711.0,0,0
888,888,721.0,0,0
889,889,728.0,0,0
890,890,734.0,0,0
891,891,741.0,0,0
892,892,730.0,0,0
893,893,737.0,0,0
894,894,741.0,0,0
895,895,747.0,0,0
896,896,752.0,0,0
897,897,756.0,0,0
898,898,765.0,0,0
899,899,774.0,0,0
900,900,772.0,0,0
901,901,780.0,0,0
902,902,782.0,0,0
903,903,772.0,0,0
904,904,789.0,0,0
905,905,797.0,0,0
906,906,806.0,0,0
907,907,819.0,0,0
908,908,821.0,0,0
909,909,804.0,0,0
910,910,812.0,0,0
911,911,819.0,0,0
912,912,832.0,0,0
913,913,824.0,0,0
914,914,819.0,0,0
915,915,841.0,0,0
916,916,844.0,0,0
917,917,854.0,0,0
918,918,851.0,0,0
919,919,856.0,0,0
920,920,877.0,0,0
921,921,882.0,0,0
922,922,885.0,0,0
923,923,888.0,0,0
924,924,888.0,0,0
925,925,892.0,0,0
926,926,911.0,0,0
927,927,910.0,0,0
928,928,916.0,0,0
929,929,921.0,0,0
930,930,935.0,0,0
931,931,930.0,0,0
932,932,938.0,0,0
933,933,948.0,0,0
934,934,957.0,0,0
935,935,956.0,0,0
936,936,956.0,0,0
937,937,976.0,0,0
938,938,974.0,0,0
939,939,965.0,0,0
940,940,980.0,0,0
941,941,990.0,0,0
942,942,1012.0,0,0
943,943,1008.0,0,0
944,944,1012.0,0,0
945,945,1006.0,0,0
946,946,1030.0,0,0
947,947,1031.0,0,0
948,948,1036.0,0,0
949,949,1034.0,0,0
950,950,1042.0,0,0
951,951,119.0,0,0
952,952,1055.0,0,0
953,953,1081.0,0,0
954,954,1085.0,0,0
955,955,1100.0,0,0
956,956,1092.0,0,0
957,957,1113.0,0,0
958,958,1105.0,0,0
959,959,1121.0,0,0
960,960,1115.0,0,0
961,961,1129.0,0,0
962,962,1143.0,0,0
963,963,1138.0,0,0
964,964,1158.0,0,0
965,965,1163.0,0,0
966,966,1166.0,0,0
967,967,666.0,0,0
968,968,1268.0,0,0
969,969,1284.0,0,0
970,970,1284.0,0,0
971,971,1290.0,0,0
972,972,691.0,14,95
973,973,696.0,0,0
974,974,684.0,0,0
975,975,693.0,0,0
976,976,711.0,0,0
977,977,720.0,0,0
978,978,704.0,0,0
979,979,715.0,0,0
980,980,721.0,0,0
981,981,727.0,0,0
982,982,727.0,0,0
983,983,743.0,0,0
984,984,734.0,0,0
985,985,735.0,0,0
986,986,743.0,0,0
987,987,746.0,0,0
988,988,758.0,0,0
989,989,764.0,0,0
990,990,764.0,0,0
991,991,772.0,0,0
992,992,771.0,0,0
993,993,781.0,0,0
994,994,789.0,0,0
995,995,791.0,0,0
996,996,803.0,0,0
997,997,798.0,0,0
998,998,810.0,0,0
999,999,806.0,0,0
1000,1000,802.0,0,0
1001,1001,817.0,0,0
1002,1002,842.0,0,0
1003,1003,836.0,0,0
1004,1004,830.0,0,0
1005,1005,837.0,0,0
1006,1006,858.0,0,0
1007,1007,857.0,0,0
1008,1008,857.0,0,0
1009,1009,863.0,0,0
1010,1010,873.0,0,0
1011,1011,871.0,0,0
1012,1012,872.0,0,0
1013,1013,891.0,0,0
1014,1014,890.0,0,0
1015,1015,881.0,0,0
1016,1016,901.0,0,0
1017,1017,906.0,0,0
1018,1018,913.0,0,0
1019,1019,910.0,0,0
1020,1020,920.0,0,0
1021,1021,931.0,0,0
1022,1022,931.0,0,0
1023,1023,935.0,0,0
1024,1024,936.0,0,0
1025,1025,959.0,0,0
1026,1026,964.0,0,0
1027,1027,968.0,0,0
1028,1028,981.0,0,0
1029,1029,968.0,0,0
1030,1030,975.0,0,0
1031,1031,993.0,0,0
1032,1032,992.0,0,0
1033,1033,1003.0,0,0
1034,1034,1010.0,0,0
1035,1035,1012.0,0,0
1036,1036,1019.0,0,0
1037,1037,1031.0,0,0
1038,1038,1040.0,0,0
1039,1039,1050.0,0,0
1040,1040,1059.0,0,0
1041,1041,1054.0,0,0
1042,1042,1063.0,0,0
1043,1043,1070.0,0,0
1044,1044,1078.0,0,0
1045,1045,1075.0,0,0
1046,1046,1101.0,0,0
1047,1047,1107.0,0,0
1048,1048,1111.0,0,0
1049,1049,1101.0,0,0
1050,1050,1120.0,0,0
1051,1051,1122.0,0,0
1052,1052,1120.0,0,0
1053,1053,1143.0,0,0
1054,1054,1139.0,0,0
1055,1055,1126.0,0,0
1056,1056,1148.0,0,0
1057,1057,1160.0,0,0
1058,1058,1164.0,0,0
1059,1059,1173.0,0,0
1060,1060,1190.0,0,0
1061,1061,1273.0,0,0
1062,1062,1249.0,0,0
1063,1063,1266.0,0,0
1064,1064,1254.0,0,0
1065,1065,1302.0,0,0
1066,1066,114.0,0,0
1067,1067,702.0,0,0
1068,1068,691.0,0,0
1069,1069,709.0,0,0
1070,1070,713.0,0,0
1071,1071,709.0,0,0
1072,1072,721.0,0,0
1073,1073,717.0,0,0
1074,1074,724.0,0,0
1075,1075,718.0,0,0
1076,1076,728.0,0,0
1077,1077,736.0,0,0
1078,1078,740.0,0,0
1079,1079,737.0,0,0
1080,1080,747.0,0,0
1081,1081,746.0,0,0
1082,1082,749.0,0,0
1083,1083,774.0,0,0
1084,1084,766.0,0,0
1085,1085,790.0,0,0
1086,1086,787.0,0,0
1087,1087,783.0,0,0
1088,1088,789.0,0,0
1089,1089,800.0,0,0
1090,1090,793.0,0,0
1091,1091,809.0,0,0
1092,1092,812.0,0,0
1093,1093,815.0,0,0
1094,1094,809.0,0,0
1095,1095,831.0,0,0
1096,1096,830.0,0,0
1097,1097,836.0,0,0
1098,1098,844.0,0,0
1099,1099,850.0,0,0
1100,1100,848.0,0,0
1101,1101,860.0,0,0
1102,1102,866.0,0,0
1103,1103,872.0,0,0
1104,1104,867.0,0,0
1105,1105,880.0,0,0
1106,1106,881.0,0,0
1107,1107,892.0,0,0
1108,1108,885.0,0,0
1109,1109,895.0,0,0
1110,1110,903.0,0,0
1111,1111,924.0,0,0
1112,1112,916.0,0,0
1113,1113,933.0,0,0
1114,1114,924.0,0,0
1115,1115,940.0,0,0
1116,1116,934.0,0,0
1117,1117,940.0,0,0
1118,1118,959.0,0,0
1119,1119,955.0,0,0
1120,1120,963.0,0,0
1121,1121,975.0,0,0
1122,1122,983.0,0,0
1123,1123,979.0,0,0
1124,1124,988.0,0,0
1125,1125,996.0,0,0
1126,1126,1000.0,0,0
1127,1127,1019.0,0,0
1128,1128,1015.0,0,0
1129,1129,1021.0,0,0
1130,1130,1032.0,0,0
1131,1131,1039.0,0,0
1132,1132,1042.0,0,0
1133,1133,1045.0,0,0
1134,1134,1067.0,0,0
1135,1135,1065.0,0,0
1136,1136,1080.0,0,0
1137,1137,1085.0,0,0
1138,1138,1079.0,0,0
1139,1139,1101.0,0,0
1140,1140,1101.0,0,0
1141,1141,1098.0,0,0
1142,1142,1115.0,0,0
1143,1143,1126.0,0,0
1144,1144,1143.0,0,0
1145,1145,1129.0,0,0
1146,1146,1143.0,0,0
1147,1147,1148.0,0,0
1148,1148,1165.0,0,0
1149,1149,1167.0,0,0
1150,1150,1175.0,0,0
1151,1151,1190.0,0,0
1152,1152,1189.0,0,0
1153,1153,1204.0,0,0
1154,1154,1210.0,0,0
1155,1155,1219.0,0,0
1156,1156,1223.0,0,0
1157,1157,1300.0,0,0
1158,1158,1383.0,0,0
1159,1159,678.0,15,187
1160,1160,673.0,0,0
1161,1161,685.0,0,0
1162,1162,688.0,0,0
1163,1163,680.0,0,0
1164,1164,678.0,0,0
1165,1165,707.0,0,0
1166,1166,705.0,0,0
1167,1167,701.0,0,0
1168,1168,706.0,0,0
1169,1169,724.0,0,0
1170,1170,720.0,0,0
1171,1171,721.0,0,0
1172,1172,725.0,0,0
1173,1173,728.0,0,0
1174,1174,745.0,0,0
1175,1175,758.0,0,0
1176,1176,751.0,0,0
1177,1177,747.0,0,0
1178,1178,759.0,0,0
1179,1179,759.0,0,0
1180,1180,752.0,0,0
1181,1181,778.0,0,0
1182,1182,789.0,0,0
1183,1183,787.0,0,0
1184,1184,790.0,0,0
1185,1185,797.0,0,0
1186,1186,803.0,0,0
1187,1187,811.0,0,0
1188,1188,799.0,0,0
1189,1189,805.0,0,0
1190,1190,823.0,0,0
1191,1191,825.0,0,0
1192,1192,831.0,0,0
1193,1193,822.0,0,0
1194,1194,836.0,0,0
1195,1195,838.0,0,0
1196,1196,841.0,0,0
1197,1197,856.0,0,0
1198,1198,857.0,0,0
1199,1199,859.0,0,0
1200,1200,861.0,0,0
1201,1201,873.0,0,0
1202,1202,882.0,0,0
1203,1203,884.0,0,0
1204,1204,880.0,0,0
1205,1205,895.0,0,0
1206,1206,907.0,0,0
1207,1207,903.0,0,0
1208,1208,909.0,0,0
1209,1209,908.0,0,0
1210,1210,919.0,0,0
1211,1211,933.0,0,0
1212,1212,932.0,0,0
1213,1213,943.0,0,0
1214,1214,945.0,0,0
1215,1215,956.0,0,0
1216,1216,971.0,0,0
1217,1217,973.0,0,0
1218,1218,971.0,0,0
1219,1219,982.0,0,0
1220,1220,980.0,0,0
1221,1221,986.0,0,0
1222,1222,1004.0,0,0
1223,1223,1004.0,0,0
1224,1224,1014.0,0,0
1225,1225,1021.0,0,0
1226,1226,1026.0,0,0
1227,1227,1030.0,0,0
1228,1228,1036.0,0,0
1229,1229,1050.0,0,0
1230,1230,1042.0,0,0
1231,1231,1062.0,0,0
1232,1232,1060.0,0,0
1233,1233,1083.0,0,0
1234,1234,1077.0,0,0
1235,1235,1083.0,0,0
1236,1236,1099.0,0,0
1237,1237,1102.0,0,0
1238,1238,1113.0,0,0
1239,1239,1113.0,0,0
1240,1240,1130.0,0,0
1241,1241,1129.0,0,0
1242,1242,1154.0,0,0
1243,1243,1152.0,0,0
1244,1244,1188.0,0,0
1245,1245,1165.0,0,0
1246,1246,1193.0,0,0
1247,1247,1223.0,0,0
1248,1248,1200.0,0,0
1249,1249,1177.0,0,0
1250,1250,640.0,0,0
1251,1251,1215.0,0,0
1252,1252,1183.0,0,0
1253,1253,1180.0,0,0
1254,1254,1193.0,0,0
1255,1255,1184.0,0,0
1256,1256,1188.0,0,0
1257,1257,1200.0,0,0
1258,1258,1205.0,0,0
1259,1259,1203.0,0,0
1260,1260,,0,0
1261,1261,695.0,0,0
1262,1262,768.0,0,0
1263,1263,690.0,0,0
1264,1264,1280.0,0,0
1265,1265,1279.0,0,0
1266,1266,,0,0
1267,1267,720.0,0,0
1268,1268,719.0,0,0
1269,1269,746.0,0,0
1270,1270,727.0,0,0
1271,1271,731.0,0,0
1272,1272,737.0,0,0
1273,1273,751.0,0,0
1274,1274,763.0,0,0
1275,1275,761.0,0,0
1276,1276,767.0,0,0
1277,1277,783.0,0,0
1278,1278,780.0,0,0
1279,1279,786.0,0,0
1280,1280,788.0,0,0
1281,1281,791.0,0,0
1282,1282,801.0,0,0
1283,1283,797.0,0,0
1284,1284,809.0,0,0
1285,1285,802.0,0,0
1286,1286,813.0,0,0
1287,1287,826.0,0,0
1288,1288,821.0,0,0
1289,1289,820.0,0,0
1290,1290,847.0,0,0
1291,1291,836.0,0,0
1292,1292,841.0,0,0
1293,1293,842.0,0,0
1294,1294,856.0,0,0
1295,1295,868.0,0,0
1296,1296,885.0,0,0
1297,1297,883.0,0,0
1298,1298,869.0,0,0
1299,1299,886.0,0,0
1300,1300,885.0,0,0
1301,1301,889.0,0,0
1302,1302,886.0,0,0
1303,1303,902.0,0,0
1304,1304,928.0,0,0
1305,1305,919.0,0,0
1306,1306,933.0,0,0
1307,1307,911.0,0,0
1308,1308,935.0,0,0
1309,1309,950.0,0,0
1310,1310,941.0,0,0
1311,1311,952.0,0,0
1312,1312,954.0,0,0
1313,1313,964.0,0,0
1314,1314,971.0,0,0
1315,1315,959.0,0,0
1316,1316,989.0,0,0
1317,1317,977.0,0,0
1318,1318,991.0,0,0
1319,1319,1003.0,0,0
1320,1320,1016.0,0,0
1321,1321,998.0,0,0
1322,1322,1015.0,0,0
1323,1323,1017.0,0,0
1324,1324,1009.0,0,0
1325,1325,1018.0,0,0
1326,1326,1010.0,0,0
1327,1327,1035.0,0,0
1328,1328,1035.0,0,0
1329,1329,1057.0,0,0
1330,1330,1071.0,0,0
1331,1331,1066.0,0,0
1332,1332,1081.0,0,0
1333,1333,1066.0,0,0
1334,1334,1084.0,0,0
1335,1335,1085.0,0,0
1336,1336,1102.0,0,0
1337,1337,1113.0,0,0
1338,1338,1130.0,0,0
1339,1339,1128.0,0,0
1340,1340,1141.0,0,0
1341,1341,1149.0,0,0
1342,1342,1148.0,0,0
1343,1343,1166.0,0,0
1344,1344,1156.0,0,0
1345,1345,1227.0,0,0
1346,1346,1223.0,0,0
1347,1347,699.0,0,0
1348,1348,1177.0,0,0
1349,1349,1191.0,0,0
1350,1350,728.0,16,191
1351,1351,721.0,0,0
1352,1352,734.0,0,0
1353,1353,738.0,0,0
1354,1354,739.0,0,0
1355,1355,741.0,0,0
1356,1356,737.0,0,0
1357,1357,763.0,0,0
1358,1358,748.0,0,0
1359,1359,750.0,0,0
1360,1360,753.0,0,0
1361,1361,124.0,0,0
1362,1362,777.0,0,0
1363,1363,770.0,0,0
1364,1364,784.0,0,0
1365,1365,789.0,0,0
1366,1366,806.0,0,0
1367,1367,792.0,0,0
1368,1368,801.0,0,0
1369,1369,797.0,0,0
1370,1370,820.0,0,0
1371,1371,813.0,0,0
1372,1372,826.0,0,0
1373,1373,845.0,0,0
1374,1374,827.0,0,0
1375,1375,826.0,0,0
1376,1376,828.0,0,0
1377,1377,849.0,0,0
1378,1378,830.0,0,0
1379,1379,859.0,0,0
1380,1380,869.0,0,0
1381,1381,886.0,0,0
1382,1382,866.0,0,0
1383,1383,866.0,0,0
1384,1384,891.0,0,0
1385,1385,884.0,0,0
1386,1386,905.0,0,0
1387,1387,885.0,0,0
1388,1388,916.0,0,0
1389,1389,914.0,0,0
1390,1390,916.0,0,0
1391,1391,923.0,0,0
1392,1392,928.0,0,0
1393,1393,938.0,0,0
1394,1394,955.0,0,0
1395,1395,954.0,0,0
1396,1396,961.0,0,0
1397,1397,965.0,0,0
1398,1398,958.0,0,0
1399,1399,975.0,0,0
1400,1400,974.0,0,0
1401,1401,992.0,0,0
1402,1402,989.0,0,0
1403,1403,991.0,0,0
1404,1404,996.0,0,0
1405,1405,1015.0,0,0
1406,1406,1016.0,0,0
1407,1407,1016.0,0,0
1408,1408,1018.0,0,0
1409,1409,1040.0,0,0
1410,1410,1047.0,0,0
1411,1411,1045.0,0,0
1412,1412,1063.0,0,0
1413,1413,1079.0,0,0
1414,1414,1080.0,0,0
1415,1415,1105.0,0,0
1416,1416,1080.0,0,0
1417,1417,1095.0,0,0
1418,1418,1097.0,0,0
1419,1419,1121.0,0,0
1420,1420,1127.0,0,0
1421,1421,1128.0,0,0
1422,1422,1144.0,0,0
1423,1423,1151.0,0,0
1424,1424,1165.0,0,0
1425,1425,1151.0,0,0
1426,1426,1170.0,0,0
1427,1427,1207.0,0,0
1428,1428,1195.0,0,0
1429,1429,1214.0,0,0
1430,1430,1258.0,0,0
1431,1431,1209.0,0,0
1432,1432,1257.0,0,0
1433,1433,1259.0,0,0
1434,1434,1200.0,0,0
1435,1435,,0,0
1436,1436,670.0,0,0
1437,1437,668.0,0,0
1438,1438,683.0,0,0
1439,1439,681.0,0,0
1440,1440,691.0,0,0
1441,1441,709.0,0,0
1442,1442,683.0,0,0
1443,1443,700.0,0,0
1444,1444,676.0,0,0
1445,1445,712.0,0,0
1446,1446,720.0,0,0
1447,1447,722.0,0,0
1448,1448,730.0,0,0
1449,1449,732.0,0,0
1450,1450,717.0,0,0
1451,1451,738.0,0,0
1452,1452,759.0,0,0
1453,1453,726.0,0,0
1454,1454,739.0,0,0
1455,1455,756.0,0,0
1456,1456,747.0,0,0
1457,1457,755.0,0,0
1458,1458,761.0,0,0
1459,1459,759.0,0,0
1460,1460,755.0,0,0
1461,1461,771.0,0,0
1462,1462,770.0,0,0
1463,1463,770.0,0,0
1464,1464,787.0,0,0
1465,1465,777.0,0,0
1466,1466,800.0,0,0
1467,1467,815.0,0,0
1468,1468,815.0,0,0
1469,1469,809.0,0,0
1470,1470,809.0,0,0
1471,1471,830.0,0,0
1472,1472,830.0,0,0
1473,1473,822.0,0,0
1474,1474,843.0,0,0
1475,1475,843.0,0,0
1476,1476,835.0,0,0
1477,1477,855.0,0,0
1478,1478,856.0,0,0
1479,1479,862.0,0,0
1480,1480,871.0,0,0
1481,1481,877.0,0,0
1482,1482,900.0,0,0
1483,1483,881.0,0,0
1484,1484,887.0,0,0
1485,1485,913.0,0,0
1486,1486,910.0,0,0
1487,1487,916.0,0,0
1488,1488,921.0,0,0
1489,1489,923.0,0,0
1490,1490,925.0,0,0
1491,1491,931.0,0,0
1492,1492,941.0,0,0
1493,1493,945.0,0,0
1494,1494,948.0,0,0
1495,1495,953.0,0,0
1496,1496,958.0,0,0
1497,1497,972.0,0,0
1498,1498,971.0,0,0
1499,1499,982.0,0,0
1500,1500,981.0,0,0
1501,1501,991.0,0,0
1502,1502,1005.0,0,0
1503,1503,1002.0,0,0
1504,1504,1008.0,0,0
1505,1505,1001.0,0,0
1506,1506,1005.0,0,0
1507,1507,1015.0,0,0
1508,1508,1024.0,0,0
1509,1509,1027.0,0,0
1510,1510,1045.0,0,0
1511,1511,1040.0,0,0
1512,1512,1048.0,0,0
1513,1513,1067.0,0,0
1514,1514,1082.0,0,0
1515,1515,1089.0,0,0
1516,1516,1108.0,0,0
1517,1517,1098.0,0,0
1518,1518,1114.0,0,0
1519,1519,1111.0,0,0
1520,1520,1106.0,0,0
1521,1521,1198.0,0,0
1522,1522,1138.0,0,0
1523,1523,1120.0,0,0
1524,1524,670.0,0,0
1525,1525,667.0,0,0
1526,1526,669.0,0,0
1527,1527,680.0,0,0
1528,1528,681.0,0,0
1529,1529,684.0,0,0
1530,1530,694.0,0,0
1531,1531,679.0,0,0
1532,1532,693.0,0,0
1533,1533,673.0,0,0
1534,1534,680.0,0,0
1535,1535,686.0,0,0
1536,1536,710.0,0,0
1537,1537,705.0,0,0
1538,1538,724.0,0,0
1539,1539,711.0,0,0
1540,1540,708.0,0,0
1541,1541,709.0,0,0
1542,1542,715.0,0,0
1543,1543,721.0,0,0
1544,1544,728.0,0,0
1545,1545,727.0,0,0
1546,1546,757.0,0,0
1547,1547,739.0,0,0
1548,1548,741.0,0,0
1549,1549,757.0,0,0
1550,1550,761.0,0,0
1551,1551,756.0,0,0
1552,1552,775.0,0,0
1553,1553,779.0,0,0
1554,1554,781.0,0,0
1555,1555,785.0,0,0
1556,1556,793.0,0,0
1557,1557,799.0,0,0
1558,1558,804.0,0,0
1559,1559,800.0,0,0
1560,1560,810.0,0,0
1561,1561,814.0,0,0
1562,1562,807.0,0,0
1563,1563,832.0,0,0
1564,1564,824.0,0,0
1565,1565,831.0,0,0
1566,1566,842.0,0,0
1567,1567,847.0,0,0
1568,1568,851.0,0,0
1569,1569,850.0,0,0
1570,1570,859.0,0,0
1571,1571,864.0,0,0
1572,1572,864.0,0,0
1573,1573,864.0,0,0
1574,1574,878.0,0,0
1575,1575,893.0,0,0
1576,1576,879.0,0,0
1577,1577,884.0,0,0
1578,1578,895.0,0,0
1579,1579,908.0,0,0
1580,1580,926.0,0,0
1581,1581,921.0,0,0
1582,1582,919.0,0,0
1583,1583,929.0,0,0
1584,1584,927.0,0,0
1585,1585,937.0,0,0
1586,1586,938.0,0,0
1587,1587,958.0,0,0
1588,1588,975.0,0,0
1589,1589,958.0,0,0
1590,1590,968.0,0,0
1591,1591,982.0,0,0
1592,1592,973.0,0,0
1593,1593,980.0,0,0
1594,1594,984.0,0,0
1595,1595,984.0,0,0
1596,1596,1003.0,0,0
1597,1597,1017.0,0,0
1598,1598,1014.0,0,0
1599,1599,1020.0,0,0
1600,1600,1015.0,0,0
1601,1601,1031.0,0,0
1602,1602,1043.0,0,0
1603,1603,1049.0,0,0
1604,1604,1051.0,0,0
1605,1605,1056.0,0,0
1606,1606,1070.0,0,0
1607,1607,1071.0,0,0
1608,1608,1075.0,0,0
1609,1609,1069.0,0,0
1610,1610,1099.0,0,0
1611,1611,1119.0,0,0
1612,1612,1110.0,0,0
1613,1613,1127.0,0,0
1614,1614,1192.0,0,0
1615,1615,1190.0,0,0
1616,1616,1138.0,0,0
1617,1617,1159.0,0,0
1618,1618,1171.0,0,0
1619,1619,1160.0,0,0
1620,1620,664.0,0,0
1621,1621,1149.0,0,0
1622,1622,663.0,17,272
1623,1623,673.0,0,0
1624,1624,678.0,0,0
1625,1625,690.0,0,0
1626,1626,694.0,0,0
1627,1627,686.0,0,0
1628,1628,700.0,0,0
1629,1629,694.0,0,0
1630,1630,697.0,0,0
1631,1631,709.0,0,0
1632,1632,,0,0
1633,1633,707.0,0,0
1634,1634,720.0,0,0
1635,1635,707.0,0,0
1636,1636,727.0,0,0
1637,1637,733.0,0,0
1638,1638,753.0,0,0
1639,1639,742.0,0,0
1640,1640,746.0,0,0
1641,1641,740.0,0,0
1642,1642,764.0,0,0
1643,1643,759.0,0,0
1644,1644,758.0,0,0
1645,1645,773.0,0,0
1646,1646,795.0,0,0
1647,1647,772.0,0,0
1648,1648,798.0,0,0
1649,1649,806.0,0,0
1650,1650,799.0,0,0
1651,1651,808.0,0,0
1652,1652,806.0,0,0
1653,1653,813.0,0,0
1654,1654,818.0,0,0
1655,1655,833.0,0,0
1656,1656,829.0,0,0
1657,1657,836.0,0,0
1658,1658,832.0,0,0
1659,1659,851.0,0,0
1660,1660,843.0,0,0
1661,1661,861.0,0,0
1662,1662,867.0,0,0
1663,1663,862.0,0,0
1664,1664,871.0,0,0
1665,1665,876.0,0,0
1666,1666,877.0,0,0
1667,1667,897.0,0,0
1668,1668,882.0,0,0
1669,1669,906.0,0,0
1670,1670,905.0,0,0
1671,1671,915.0,0,0
1672,1672,929.0,0,0
1673,1673,942.0,0,0
1674,1674,924.0,0,0
1675,1675,943.0,0,0
1676,1676,943.0,0,0
1677,1677,952.0,0,0
1678,1678,955.0,0,0
1679,1679,957.0,0,0
1680,1680,962.0,0,0
1681,1681,971.0,0,0
1682,1682,980.0,0,0
1683,1683,987.0,0,0
1684,1684,992.0,0,0
1685,1685,984.0,0,0
1686,1686,987.0,0,0
1687,1687,999.0,0,0
1688,1688,988.0,0,0
1689,1689,1017.0,0,0
1690,1690,1026.0,0,0
1691,1691,1016.0,0,0
1692,1692,1034.0,0,0
1693,1693,1036.0,0,0
1694,1694,1040.0,0,0
1695,1695,1046.0,0,0
1696,1696,1057.0,0,0
1697,1697,1066.0,0,0
1698,1698,1063.0,0,0
1699,1699,1075.0,0,0
1700,1700,1076.0,0,0
1701,1701,1084.0,0,0
1702,1702,1098.0,0,0
1703,1703,1083.0,0,0
1704,1704,1186.0,0,0
1705,1705,1205.0,0,0
1706,1706,1202.0,0,0
1707,1707,1213.0,0,0
1708,1708,1223.0,0,0
1709,1709,1227.0,0,0
1710,1710,1238.0,0,0
1711,1711,1160.0,0,0
1712,1712,1180.0,0,0
1713,1713,1230.0,0,0
1714,1714,1200.0,0,0
1715,1715,1209.0,0,0
1716,1716,628.0,18,94
1717,1717,655.0,0,0
1718,1718,647.0,0,0
1719,1719,653.0,0,0
1720,1720,656.0,0,0
1721,1721,662.0,0,0
1722,1722,663.0,0,0
1723,1723,676.0,0,0
1724,1724,677.0,0,0
1725,1725,678.0,0,0
1726,1726,677.0,0,0
1727,1727,694.0,0,0
1728,1728,683.0,0,0
1729,1729,682.0,0,0
1730,1730,695.0,0,0
1731,1731,702.0,0,0
1732,1732,700.0,0,0
1733,1733,710.0,0,0
1734,1734,717.0,0,0
1735,1735,727.0,0,0
1736,1736,722.0,0,0
1737,1737,725.0,0,0
1738,1738,739.0,0,0
1739,1739,736.0,0,0
1740,1740,740.0,0,0
1741,1741,751.0,0,0
1742,1742,746.0,0,0
1743,1743,751.0,0,0
1744,1744,768.0,0,0
1745,1745,769.0,0,0
1746,1746,768.0,0,0
1747,1747,766.0,0,0
1748,1748,786.0,0,0
1749,1749,784.0,0,0
1750,1750,780.0,0,0
1751,1751,796.0,0,0
1752,1752,802.0,0,0
1753,1753,801.0,0,0
1754,1754,833.0,0,0
1755,1755,810.0,0,0
1756,1756,814.0,0,0
1757,1757,830.0,0,0
1758,1758,830.0,0,0
1759,1759,828.0,0,0
1760,1760,841.0,0,0
1761,1761,859.0,0,0
1762,1762,851.0,0,0
1763,1763,872.0,0,0
1764,1764,882.0,0,0
1765,1765,877.0,0,0
1766,1766,883.0,0,0
1767,1767,867.0,0,0
1768,1768,885.0,0,0
1769,1769,885.0,0,0
1770,1770,897.0,0,0
1771,1771,903.0,0,0
1772,1772,919.0,0,0
1773,1773,895.0,0,0
1774,1774,932.0,0,0
1775,1775,933.0,0,0
1776,1776,928.0,0,0
1777,1777,929.0,0,0
1778,1778,938.0,0,0
1779,1779,944.0,0,0
1780,1780,959.0,0,0
1781,1781,957.0,0,0
1782,1782,960.0,0,0
1783,1783,967.0,0,0
1784,1784,979.0,0,0
1785,1785,970.0,0,0
1786,1786,986.0,0,0
1787,1787,1000.0,0,0
1788,1788,1000.0,0,0
1789,1789,1018.0,0,0
1790,1790,1011.0,0,0
1791,1791,1012.0,0,0
1792,1792,1012.0,0,0
1793,1793,1039.0,0,0
1794,1794,1061.0,0,0
1795,1795,1056.0,0,0
1796,1796,1068.0,0,0
1797,1797,1119.0,0,0
1798,1798,1074.0,0,0
1799,1799,1124.0,0,0
1800,1800,1083.0,0,0
1801,1801,1152.0,0,0
1802,1802,1141.0,0,0
1803,1803,1159.0,0,0
1804,1804,1171.0,0,0
1805,1805,1108.0,0,0
1806,1806,1109.0,0,0
1807,1807,1130.0,0,0
1808,1808,1206.0,0,0
1809,1809,1122.0,0,0
1810,1810,1212.0,0,0
1811,1811,1171.0,0,0
1812,1812,1226.0,0,0
1813,1813,1242.0,0,0
1814,1814,1178.0,0,0
1815,1815,1180.0,0,0
1816,1816,1205.0,0,0
1817,1817,653.0,0,0
1818,1818,1217.0,0,0
1819,1819,661.0,19,103
1820,1820,665.0,0,0
1821,1821,680.0,0,0
1822,1822,677.0,0,0
1823,1823,695.0,0,0
1824,1824,681.0,0,0
1825,1825,686.0,0,0
1826,1826,715.0,0,0
1827,1827,707.0,0,0
1828,1828,705.0,0,0
1829,1829,715.0,0,0
1830,1830,712.0,0,0
1831,1831,717.0,0,0
1832,1832,717.0,0,0
1833,1833,721.0,0,0
1834,1834,739.0,0,0
1835,1835,746.0,0,0
1836,1836,735.0,0,0
1837,1837,732.0,0,0
1838,1838,746.0,0,0
1839,1839,771.0,0,0
1840,1840,758.0,0,0
1841,1841,767.0,0,0
1842,1842,767.0,0,0
1843,1843,778.0,0,0
1844,1844,774.0,0,0
1845,1845,788.0,0,0
1846,1846,797.0,0,0
1847,1847,783.0,0,0
1848,1848,796.0,0,0
1849,1849,788.0,0,0
1850,1850,797.0,0,0
1851,1851,826.0,0,0
1852,1852,806.0,0,0
1853,1853,813.0,0,0
1854,1854,822.0,0,0
1855,1855,827.0,0,0
1856,1856,845.0,0,0
1857,1857,832.0,0,0
1858,1858,831.0,0,0
1859,1859,846.0,0,0
1860,1860,853.0,0,0
1861,1861,858.0,0,0
1862,1862,878.0,0,0
1863,1863,875.0,0,0
1864,1864,875.0,0,0
1865,1865,895.0,0,0
1866,1866,907.0,0,0
1867,1867,897.0,0,0
1868,1868,912.0,0,0
1869,1869,922.0,0,0
1870,1870,917.0,0,0
1871,1871,917.0,0,0
1872,1872,920.0,0,0
1873,1873,926.0,0,0
1874,1874,924.0,0,0
1875,1875,947.0,0,0
1876,1876,957.0,0,0
1877,1877,949.0,0,0
1878,1878,958.0,0,0
1879,1879,949.0,0,0
1880,1880,968.0,0,0
1881,1881,972.0,0,0
1882,1882,982.0,0,0
1883,1883,988.0,0,0
1884,1884,984.0,0,0
1885,1885,1008.0,0,0
1886,1886,1010.0,0,0
1887,1887,1026.0,0,0
1888,1888,1002.0,0,0
1889,1889,1021.0,0,0
1890,1890,1029.0,0,0
1891,1891,1040.0,0,0
1892,1892,1052.0,0,0
1893,1893,1054.0,0,0
1894,1894,1062.0,0,0
1895,1895,1077.0,0,0
1896,1896,1075.0,0,0
1897,1897,1070.0,0,0
1898,1898,1079.0,0,0
1899,1899,1096.0,0,0
