,label,area (sq Âµm),division_number,division_period,division_length,prior_length
0,0,976,0,0,0,0
1,1,552,0,0,0,0
2,2,551,0,0,0,0
3,3,568,0,0,0,0
4,4,554,0,0,0,0
5,5,559,0,0,0,0
6,6,558,0,0,0,0
7,7,571,0,0,0,0
8,8,567,0,0,0,0
9,9,576,0,0,0,0
10,10,582,0,0,0,0
11,11,593,0,0,0,0
12,12,582,0,0,0,0
13,13,588,0,0,0,0
14,14,585,0,0,0,0
15,15,590,0,0,0,0
16,16,594,0,0,0,0
17,17,600,0,0,0,0
18,18,611,0,0,0,0
19,19,601,0,0,0,0
20,20,613,0,0,0,0
21,21,628,0,0,0,0
22,22,613,0,0,0,0
23,23,616,0,0,0,0
24,24,620,0,0,0,0
25,25,634,0,0,0,0
26,26,637,0,0,0,0
27,27,640,0,0,0,0
28,28,642,0,0,0,0
29,29,653,0,0,0,0
30,30,643,0,0,0,0
31,31,656,0,0,0,0
32,32,652,0,0,0,0
33,33,657,0,0,0,0
34,34,661,0,0,0,0
35,35,656,0,0,0,0
36,36,660,0,0,0,0
37,37,680,0,0,0,0
38,38,683,0,0,0,0
39,39,688,0,0,0,0
40,40,683,0,0,0,0
41,41,686,0,0,0,0
42,42,692,0,0,0,0
43,43,703,0,0,0,0
44,44,698,0,0,0,0
45,45,713,0,0,0,0
46,46,719,0,0,0,0
47,47,722,0,0,0,0
48,48,734,0,0,0,0
49,49,741,0,0,0,0
50,50,738,0,0,0,0
51,51,739,0,0,0,0
52,52,739,0,0,0,0
53,53,756,0,0,0,0
54,54,758,0,0,0,0
55,55,777,0,0,0,0
56,56,773,0,0,0,0
57,57,785,0,0,0,0
58,58,773,0,0,0,0
59,59,775,0,0,0,0
60,60,796,0,0,0,0
61,61,794,0,0,0,0
62,62,794,0,0,0,0
63,63,808,0,0,0,0
64,64,806,0,0,0,0
65,65,807,0,0,0,0
66,66,814,0,0,0,0
67,67,812,0,0,0,0
68,68,838,0,0,0,0
69,69,822,0,0,0,0
70,70,831,0,0,0,0
71,71,839,0,0,0,0
72,72,844,0,0,0,0
73,73,849,0,0,0,0
74,74,852,0,0,0,0
75,75,856,0,0,0,0
76,76,872,0,0,0,0
77,77,860,0,0,0,0
78,78,877,0,0,0,0
79,79,878,0,0,0,0
80,80,890,0,0,0,0
81,81,892,0,0,0,0
82,82,901,0,0,0,0
83,83,907,0,0,0,0
84,84,925,0,0,0,0
85,85,916,0,0,0,0
86,86,915,0,0,0,0
87,87,936,0,0,0,0
88,88,924,0,0,0,0
89,89,946,0,0,0,0
90,90,962,0,0,0,0
91,91,957,0,0,0,0
92,92,964,0,0,0,0
93,93,951,0,0,0,0
94,94,967,0,0,0,0
95,95,966,0,0,0,0
96,96,974,0,0,0,0
97,97,967,0,0,0,0
98,98,993,0,0,0,0
99,99,558,1,99,435,1428
100,100,568,0,0,0,0
101,101,566,0,0,0,0
102,102,575,0,0,0,0
103,103,574,0,0,0,0
104,104,570,0,0,0,0
105,105,574,0,0,0,0
106,106,577,0,0,0,0
107,107,580,0,0,0,0
108,108,592,0,0,0,0
109,109,588,0,0,0,0
110,110,591,0,0,0,0
111,111,598,0,0,0,0
112,112,601,0,0,0,0
113,113,603,0,0,0,0
114,114,608,0,0,0,0
115,115,611,0,0,0,0
116,116,629,0,0,0,0
117,117,625,0,0,0,0
118,118,622,0,0,0,0
119,119,629,0,0,0,0
120,120,631,0,0,0,0
121,121,634,0,0,0,0
122,122,643,0,0,0,0
123,123,636,0,0,0,0
124,124,650,0,0,0,0
125,125,646,0,0,0,0
126,126,658,0,0,0,0
127,127,670,0,0,0,0
128,128,660,0,0,0,0
129,129,663,0,0,0,0
130,130,674,0,0,0,0
131,131,679,0,0,0,0
132,132,681,0,0,0,0
133,133,684,0,0,0,0
134,134,690,0,0,0,0
135,135,696,0,0,0,0
136,136,688,0,0,0,0
137,137,697,0,0,0,0
138,138,697,0,0,0,0
139,139,976,0,0,0,0
140,140,717,0,0,0,0
141,141,711,0,0,0,0
142,142,722,0,0,0,0
143,143,725,0,0,0,0
144,144,738,0,0,0,0
145,145,730,0,0,0,0
146,146,746,0,0,0,0
147,147,737,0,0,0,0
148,148,738,0,0,0,0
149,149,756,0,0,0,0
150,150,755,0,0,0,0
151,151,754,0,0,0,0
152,152,769,0,0,0,0
153,153,770,0,0,0,0
154,154,781,0,0,0,0
155,155,777,0,0,0,0
156,156,780,0,0,0,0
157,157,792,0,0,0,0
158,158,804,0,0,0,0
159,159,805,0,0,0,0
160,160,799,0,0,0,0
161,161,814,0,0,0,0
162,162,808,0,0,0,0
163,163,821,0,0,0,0
164,164,824,0,0,0,0
165,165,827,0,0,0,0
166,166,838,0,0,0,0
167,167,849,0,0,0,0
168,168,846,0,0,0,0
169,169,846,0,0,0,0
170,170,865,0,0,0,0
171,171,868,0,0,0,0
172,172,856,0,0,0,0
173,173,866,0,0,0,0
174,174,878,0,0,0,0
175,175,881,0,0,0,0
176,176,889,0,0,0,0
177,177,893,0,0,0,0
178,178,904,0,0,0,0
179,179,911,0,0,0,0
180,180,913,0,0,0,0
181,181,921,0,0,0,0
182,182,920,0,0,0,0
183,183,927,0,0,0,0
184,184,929,0,0,0,0
185,185,948,0,0,0,0
186,186,952,0,0,0,0
187,187,955,0,0,0,0
188,188,959,0,0,0,0
189,189,967,0,0,0,0
190,190,992,0,0,0,0
191,191,984,0,0,0,0
192,192,980,0,0,0,0
193,193,996,0,0,0,0
194,194,994,0,0,0,0
195,195,1019,0,0,0,0
196,196,555,2,97,464,1483
197,197,564,0,0,0,0
198,198,574,0,0,0,0
199,199,572,0,0,0,0
200,200,572,0,0,0,0
201,201,575,0,0,0,0
202,202,594,0,0,0,0
203,203,580,0,0,0,0
204,204,595,0,0,0,0
205,205,586,0,0,0,0
206,206,603,0,0,0,0
207,207,625,0,0,0,0
208,208,615,0,0,0,0
209,209,623,0,0,0,0
210,210,615,0,0,0,0
211,211,617,0,0,0,0
212,212,627,0,0,0,0
213,213,629,0,0,0,0
214,214,621,0,0,0,0
215,215,632,0,0,0,0
216,216,631,0,0,0,0
217,217,652,0,0,0,0
218,218,632,0,0,0,0
219,219,668,0,0,0,0
220,220,645,0,0,0,0
221,221,656,0,0,0,0
222,222,657,0,0,0,0
223,223,673,0,0,0,0
224,224,671,0,0,0,0
225,225,673,0,0,0,0
226,226,691,0,0,0,0
227,227,684,0,0,0,0
228,228,686,0,0,0,0
229,229,693,0,0,0,0
230,230,688,0,0,0,0
231,231,701,0,0,0,0
232,232,710,0,0,0,0
233,233,712,0,0,0,0
234,234,713,0,0,0,0
235,235,713,0,0,0,0
236,236,741,0,0,0,0
237,237,728,0,0,0,0
238,238,737,0,0,0,0
239,239,742,0,0,0,0
240,240,747,0,0,0,0
241,241,749,0,0,0,0
242,242,736,0,0,0,0
243,243,741,0,0,0,0
244,244,751,0,0,0,0
245,245,767,0,0,0,0
246,246,773,0,0,0,0
247,247,775,0,0,0,0
248,248,772,0,0,0,0
249,249,787,0,0,0,0
250,250,789,0,0,0,0
251,251,798,0,0,0,0
252,252,797,0,0,0,0
253,253,805,0,0,0,0
254,254,810,0,0,0,0
255,255,813,0,0,0,0
256,256,819,0,0,0,0
257,257,829,0,0,0,0
258,258,832,0,0,0,0
259,259,839,0,0,0,0
260,260,845,0,0,0,0
261,261,845,0,0,0,0
262,262,853,0,0,0,0
263,263,850,0,0,0,0
264,264,865,0,0,0,0
265,265,873,0,0,0,0
266,266,873,0,0,0,0
267,267,880,0,0,0,0
268,268,892,0,0,0,0
269,269,894,0,0,0,0
270,270,887,0,0,0,0
271,271,903,0,0,0,0
272,272,909,0,0,0,0
273,273,915,0,0,0,0
274,274,918,0,0,0,0
275,275,927,0,0,0,0
276,276,928,0,0,0,0
277,277,937,0,0,0,0
278,278,942,0,0,0,0
279,279,950,0,0,0,0
280,280,952,0,0,0,0
281,281,966,0,0,0,0
282,282,961,0,0,0,0
283,283,971,0,0,0,0
284,284,975,0,0,0,0
285,285,983,0,0,0,0
286,286,973,0,0,0,0
287,287,991,0,0,0,0
288,288,993,0,0,0,0
289,289,1018,0,0,0,0
290,290,1011,0,0,0,0
291,291,1018,0,0,0,0
292,292,1024,0,0,0,0
293,293,1022,0,0,0,0
294,294,1033,0,0,0,0
295,295,1042,0,0,0,0
296,296,1046,0,0,0,0
297,297,1053,0,0,0,0
298,298,1041,0,0,0,0
299,299,561,3,103,480,1521
300,300,566,0,0,0,0
301,301,582,0,0,0,0
302,302,576,0,0,0,0
303,303,580,0,0,0,0
304,304,584,0,0,0,0
305,305,584,0,0,0,0
306,306,598,0,0,0,0
307,307,601,0,0,0,0
308,308,605,0,0,0,0
309,309,596,0,0,0,0
310,310,611,0,0,0,0
311,311,611,0,0,0,0
312,312,613,0,0,0,0
313,313,619,0,0,0,0
314,314,618,0,0,0,0
315,315,624,0,0,0,0
316,316,628,0,0,0,0
317,317,629,0,0,0,0
318,318,625,0,0,0,0
319,319,642,0,0,0,0
320,320,647,0,0,0,0
321,321,641,0,0,0,0
322,322,654,0,0,0,0
323,323,660,0,0,0,0
324,324,661,0,0,0,0
325,325,665,0,0,0,0
326,326,666,0,0,0,0
327,327,668,0,0,0,0
328,328,680,0,0,0,0
329,329,682,0,0,0,0
330,330,692,0,0,0,0
331,331,692,0,0,0,0
332,332,696,0,0,0,0
333,333,708,0,0,0,0
334,334,700,0,0,0,0
335,335,704,0,0,0,0
336,336,711,0,0,0,0
337,337,714,0,0,0,0
338,338,727,0,0,0,0
339,339,732,0,0,0,0
340,340,728,0,0,0,0
341,341,739,0,0,0,0
342,342,742,0,0,0,0
343,343,747,0,0,0,0
344,344,746,0,0,0,0
345,345,756,0,0,0,0
346,346,758,0,0,0,0
347,347,765,0,0,0,0
348,348,769,0,0,0,0
349,349,778,0,0,0,0
350,350,780,0,0,0,0
351,351,794,0,0,0,0
352,352,793,0,0,0,0
353,353,795,0,0,0,0
354,354,805,0,0,0,0
355,355,801,0,0,0,0
356,356,819,0,0,0,0
357,357,820,0,0,0,0
358,358,815,0,0,0,0
359,359,839,0,0,0,0
360,360,833,0,0,0,0
361,361,838,0,0,0,0
362,362,836,0,0,0,0
363,363,841,0,0,0,0
364,364,849,0,0,0,0
365,365,860,0,0,0,0
366,366,866,0,0,0,0
367,367,873,0,0,0,0
368,368,877,0,0,0,0
369,369,868,0,0,0,0
370,370,883,0,0,0,0
371,371,894,0,0,0,0
372,372,890,0,0,0,0
373,373,905,0,0,0,0
374,374,903,0,0,0,0
375,375,913,0,0,0,0
376,376,917,0,0,0,0
377,377,929,0,0,0,0
378,378,937,0,0,0,0
379,379,940,0,0,0,0
380,380,928,0,0,0,0
381,381,951,0,0,0,0
382,382,950,0,0,0,0
383,383,959,0,0,0,0
384,384,948,0,0,0,0
385,385,974,0,0,0,0
386,386,991,0,0,0,0
387,387,993,0,0,0,0
388,388,991,0,0,0,0
389,389,981,0,0,0,0
390,390,990,0,0,0,0
391,391,991,0,0,0,0
392,392,995,0,0,0,0
393,393,1000,0,0,0,0
394,394,1018,0,0,0,0
395,395,1017,0,0,0,0
396,396,605,4,97,412,1429
397,397,603,0,0,0,0
398,398,615,0,0,0,0
399,399,621,0,0,0,0
400,400,621,0,0,0,0
401,401,619,0,0,0,0
402,402,625,0,0,0,0
403,403,643,0,0,0,0
404,404,628,0,0,0,0
405,405,641,0,0,0,0
406,406,639,0,0,0,0
407,407,642,0,0,0,0
408,408,640,0,0,0,0
409,409,660,0,0,0,0
410,410,656,0,0,0,0
411,411,663,0,0,0,0
412,412,668,0,0,0,0
413,413,673,0,0,0,0
414,414,672,0,0,0,0
415,415,687,0,0,0,0
416,416,684,0,0,0,0
417,417,696,0,0,0,0
418,418,702,0,0,0,0
419,419,695,0,0,0,0
420,420,704,0,0,0,0
421,421,715,0,0,0,0
422,422,715,0,0,0,0
423,423,712,0,0,0,0
424,424,728,0,0,0,0
425,425,738,0,0,0,0
426,426,735,0,0,0,0
427,427,736,0,0,0,0
428,428,733,0,0,0,0
429,429,745,0,0,0,0
430,430,752,0,0,0,0
431,431,753,0,0,0,0
432,432,761,0,0,0,0
433,433,770,0,0,0,0
434,434,760,0,0,0,0
435,435,775,0,0,0,0
436,436,775,0,0,0,0
437,437,779,0,0,0,0
438,438,786,0,0,0,0
439,439,799,0,0,0,0
440,440,808,0,0,0,0
441,441,802,0,0,0,0
442,442,811,0,0,0,0
443,443,823,0,0,0,0
444,444,820,0,0,0,0
445,445,825,0,0,0,0
446,446,827,0,0,0,0
447,447,836,0,0,0,0
448,448,836,0,0,0,0
449,449,844,0,0,0,0
450,450,856,0,0,0,0
451,451,869,0,0,0,0
452,452,868,0,0,0,0
453,453,875,0,0,0,0
454,454,878,0,0,0,0
455,455,880,0,0,0,0
456,456,883,0,0,0,0
457,457,885,0,0,0,0
458,458,896,0,0,0,0
459,459,908,0,0,0,0
460,460,902,0,0,0,0
461,461,924,0,0,0,0
462,462,918,0,0,0,0
463,463,924,0,0,0,0
464,464,924,0,0,0,0
465,465,930,0,0,0,0
466,466,943,0,0,0,0
467,467,944,0,0,0,0
468,468,957,0,0,0,0
469,469,956,0,0,0,0
470,470,977,0,0,0,0
471,471,979,0,0,0,0
472,472,980,0,0,0,0
473,473,966,0,0,0,0
474,474,991,0,0,0,0
475,475,993,0,0,0,0
476,476,1010,0,0,0,0
477,477,1002,0,0,0,0
478,478,1014,0,0,0,0
479,479,1028,0,0,0,0
480,480,1026,0,0,0,0
481,481,1026,0,0,0,0
482,482,1036,0,0,0,0
483,483,1051,0,0,0,0
484,484,1051,0,0,0,0
485,485,1059,0,0,0,0
486,486,1070,0,0,0,0
487,487,1080,0,0,0,0
488,488,1087,0,0,0,0
489,489,1101,0,0,0,0
490,490,1102,0,0,0,0
491,491,1105,0,0,0,0
492,492,1096,0,0,0,0
493,493,1088,0,0,0,0
494,494,1092,0,0,0,0
495,495,1116,0,0,0,0
496,496,1114,0,0,0,0
497,497,1120,0,0,0,0
498,498,1134,0,0,0,0
499,499,1087,0,0,0,0
500,500,660,5,104,427,1514
501,501,669,0,0,0,0
502,502,686,0,0,0,0
503,503,688,0,0,0,0
504,504,690,0,0,0,0
505,505,703,0,0,0,0
506,506,702,0,0,0,0
507,507,711,0,0,0,0
508,508,707,0,0,0,0
509,509,716,0,0,0,0
510,510,724,0,0,0,0
511,511,720,0,0,0,0
512,512,729,0,0,0,0
513,513,734,0,0,0,0
514,514,737,0,0,0,0
515,515,748,0,0,0,0
516,516,749,0,0,0,0
517,517,752,0,0,0,0
518,518,755,0,0,0,0
519,519,750,0,0,0,0
520,520,759,0,0,0,0
521,521,770,0,0,0,0
522,522,777,0,0,0,0
523,523,770,0,0,0,0
524,524,778,0,0,0,0
525,525,790,0,0,0,0
526,526,795,0,0,0,0
527,527,797,0,0,0,0
528,528,800,0,0,0,0
529,529,810,0,0,0,0
530,530,821,0,0,0,0
531,531,817,0,0,0,0
532,532,822,0,0,0,0
533,533,834,0,0,0,0
534,534,827,0,0,0,0
535,535,838,0,0,0,0
536,536,846,0,0,0,0
537,537,849,0,0,0,0
538,538,860,0,0,0,0
539,539,858,0,0,0,0
540,540,869,0,0,0,0
541,541,865,0,0,0,0
542,542,876,0,0,0,0
543,543,889,0,0,0,0
544,544,893,0,0,0,0
545,545,897,0,0,0,0
546,546,900,0,0,0,0
547,547,912,0,0,0,0
548,548,921,0,0,0,0
549,549,919,0,0,0,0
550,550,933,0,0,0,0
551,551,928,0,0,0,0
552,552,933,0,0,0,0
553,553,947,0,0,0,0
554,554,901,0,0,0,0
555,555,953,0,0,0,0
556,556,960,0,0,0,0
557,557,958,0,0,0,0
558,558,976,0,0,0,0
559,559,977,0,0,0,0
560,560,982,0,0,0,0
561,561,986,0,0,0,0
562,562,996,0,0,0,0
563,563,1002,0,0,0,0
564,564,1012,0,0,0,0
565,565,1013,0,0,0,0
566,566,1024,0,0,0,0
567,567,1026,0,0,0,0
568,568,1029,0,0,0,0
569,569,1035,0,0,0,0
570,570,1046,0,0,0,0
571,571,1062,0,0,0,0
572,572,1060,0,0,0,0
573,573,1070,0,0,0,0
574,574,1069,0,0,0,0
575,575,1075,0,0,0,0
576,576,1080,0,0,0,0
577,577,1090,0,0,0,0
578,578,1096,0,0,0,0
579,579,1104,0,0,0,0
580,580,1120,0,0,0,0
581,581,1122,0,0,0,0
582,582,1131,0,0,0,0
583,583,1146,0,0,0,0
584,584,1139,0,0,0,0
585,585,1147,0,0,0,0
586,586,1158,0,0,0,0
587,587,1182,0,0,0,0
588,588,1192,0,0,0,0
589,589,1187,0,0,0,0
590,590,1184,0,0,0,0
591,591,1170,0,0,0,0
592,592,1162,0,0,0,0
593,593,1155,0,0,0,0
594,594,1200,0,0,0,0
595,595,1171,0,0,0,0
596,596,677,6,96,494,1665
597,597,685,0,0,0,0
598,598,695,0,0,0,0
599,599,695,0,0,0,0
600,600,704,0,0,0,0
601,601,712,0,0,0,0
602,602,707,0,0,0,0
603,603,728,0,0,0,0
604,604,721,0,0,0,0
605,605,728,0,0,0,0
606,606,735,0,0,0,0
607,607,734,0,0,0,0
608,608,746,0,0,0,0
609,609,745,0,0,0,0
610,610,747,0,0,0,0
611,611,753,0,0,0,0
612,612,760,0,0,0,0
613,613,768,0,0,0,0
614,614,773,0,0,0,0
615,615,768,0,0,0,0
616,616,784,0,0,0,0
617,617,784,0,0,0,0
618,618,793,0,0,0,0
619,619,793,0,0,0,0
620,620,787,0,0,0,0
621,621,805,0,0,0,0
622,622,810,0,0,0,0
623,623,810,0,0,0,0
624,624,821,0,0,0,0
625,625,821,0,0,0,0
626,626,822,0,0,0,0
627,627,837,0,0,0,0
628,628,833,0,0,0,0
629,629,842,0,0,0,0
630,630,843,0,0,0,0
631,631,854,0,0,0,0
632,632,861,0,0,0,0
633,633,867,0,0,0,0
634,634,874,0,0,0,0
635,635,868,0,0,0,0
636,636,881,0,0,0,0
637,637,895,0,0,0,0
638,638,891,0,0,0,0
639,639,897,0,0,0,0
640,640,902,0,0,0,0
641,641,916,0,0,0,0
642,642,918,0,0,0,0
643,643,919,0,0,0,0
644,644,930,0,0,0,0
645,645,933,0,0,0,0
646,646,940,0,0,0,0
647,647,941,0,0,0,0
648,648,952,0,0,0,0
649,649,956,0,0,0,0
650,650,978,0,0,0,0
651,651,973,0,0,0,0
652,652,971,0,0,0,0
653,653,986,0,0,0,0
654,654,989,0,0,0,0
655,655,991,0,0,0,0
656,656,1001,0,0,0,0
657,657,1002,0,0,0,0
658,658,1013,0,0,0,0
659,659,1013,0,0,0,0
660,660,1019,0,0,0,0
661,661,1030,0,0,0,0
662,662,1038,0,0,0,0
663,663,1047,0,0,0,0
664,664,1058,0,0,0,0
665,665,1055,0,0,0,0
666,666,1051,0,0,0,0
667,667,1055,0,0,0,0
668,668,1067,0,0,0,0
669,669,1070,0,0,0,0
670,670,1083,0,0,0,0
671,671,1090,0,0,0,0
672,672,1081,0,0,0,0
673,673,1092,0,0,0,0
674,674,1099,0,0,0,0
675,675,1103,0,0,0,0
676,676,1104,0,0,0,0
677,677,1110,0,0,0,0
678,678,1127,0,0,0,0
679,679,1135,0,0,0,0
680,680,1132,0,0,0,0
681,681,1144,0,0,0,0
682,682,1149,0,0,0,0
683,683,1164,0,0,0,0
684,684,1171,0,0,0,0
685,685,1155,0,0,0,0
686,686,1148,0,0,0,0
687,687,652,7,91,496,1644
688,688,651,0,0,0,0
689,689,661,0,0,0,0
690,690,669,0,0,0,0
691,691,672,0,0,0,0
692,692,666,0,0,0,0
693,693,673,0,0,0,0
694,694,674,0,0,0,0
695,695,676,0,0,0,0
696,696,688,0,0,0,0
697,697,688,0,0,0,0
698,698,692,0,0,0,0
699,699,695,0,0,0,0
700,700,707,0,0,0,0
701,701,705,0,0,0,0
702,702,710,0,0,0,0
703,703,709,0,0,0,0
704,704,714,0,0,0,0
705,705,721,0,0,0,0
706,706,726,0,0,0,0
707,707,725,0,0,0,0
708,708,729,0,0,0,0
709,709,733,0,0,0,0
710,710,747,0,0,0,0
711,711,739,0,0,0,0
712,712,757,0,0,0,0
713,713,760,0,0,0,0
714,714,759,0,0,0,0
715,715,773,0,0,0,0
716,716,771,0,0,0,0
717,717,784,0,0,0,0
718,718,791,0,0,0,0
719,719,785,0,0,0,0
720,720,790,0,0,0,0
721,721,807,0,0,0,0
722,722,806,0,0,0,0
723,723,806,0,0,0,0
724,724,811,0,0,0,0
725,725,818,0,0,0,0
726,726,828,0,0,0,0
727,727,836,0,0,0,0
728,728,835,0,0,0,0
729,729,849,0,0,0,0
730,730,842,0,0,0,0
731,731,857,0,0,0,0
732,732,854,0,0,0,0
733,733,860,0,0,0,0
734,734,870,0,0,0,0
735,735,874,0,0,0,0
736,736,880,0,0,0,0
737,737,887,0,0,0,0
738,738,895,0,0,0,0
739,739,894,0,0,0,0
740,740,900,0,0,0,0
741,741,912,0,0,0,0
742,742,915,0,0,0,0
743,743,915,0,0,0,0
744,744,925,0,0,0,0
745,745,927,0,0,0,0
746,746,940,0,0,0,0
747,747,932,0,0,0,0
748,748,943,0,0,0,0
749,749,945,0,0,0,0
750,750,959,0,0,0,0
751,751,964,0,0,0,0
752,752,969,0,0,0,0
753,753,982,0,0,0,0
754,754,981,0,0,0,0
755,755,985,0,0,0,0
756,756,1007,0,0,0,0
757,757,1009,0,0,0,0
758,758,1020,0,0,0,0
759,759,1019,0,0,0,0
760,760,1013,0,0,0,0
761,761,1039,0,0,0,0
762,762,1037,0,0,0,0
763,763,1040,0,0,0,0
764,764,1047,0,0,0,0
765,765,1063,0,0,0,0
766,766,1048,0,0,0,0
767,767,1066,0,0,0,0
768,768,1069,0,0,0,0
769,769,1080,0,0,0,0
770,770,1092,0,0,0,0
771,771,1085,0,0,0,0
772,772,1081,0,0,0,0
773,773,1081,0,0,0,0
774,774,1091,0,0,0,0
775,775,591,8,88,500,1591
776,776,609,0,0,0,0
777,777,617,0,0,0,0
778,778,618,0,0,0,0
779,779,621,0,0,0,0
780,780,636,0,0,0,0
781,781,636,0,0,0,0
782,782,630,0,0,0,0
783,783,635,0,0,0,0
784,784,639,0,0,0,0
785,785,651,0,0,0,0
786,786,653,0,0,0,0
787,787,652,0,0,0,0
788,788,659,0,0,0,0
789,789,668,0,0,0,0
790,790,668,0,0,0,0
791,791,666,0,0,0,0
792,792,677,0,0,0,0
793,793,678,0,0,0,0
794,794,685,0,0,0,0
795,795,690,0,0,0,0
796,796,690,0,0,0,0
797,797,696,0,0,0,0
798,798,702,0,0,0,0
799,799,709,0,0,0,0
800,800,706,0,0,0,0
801,801,706,0,0,0,0
802,802,723,0,0,0,0
803,803,714,0,0,0,0
804,804,725,0,0,0,0
805,805,735,0,0,0,0
806,806,729,0,0,0,0
807,807,740,0,0,0,0
808,808,753,0,0,0,0
809,809,759,0,0,0,0
810,810,758,0,0,0,0
811,811,767,0,0,0,0
812,812,759,0,0,0,0
813,813,769,0,0,0,0
814,814,781,0,0,0,0
815,815,780,0,0,0,0
816,816,783,0,0,0,0
817,817,788,0,0,0,0
818,818,786,0,0,0,0
819,819,801,0,0,0,0
820,820,804,0,0,0,0
821,821,816,0,0,0,0
822,822,813,0,0,0,0
823,823,814,0,0,0,0
824,824,826,0,0,0,0
825,825,830,0,0,0,0
826,826,839,0,0,0,0
827,827,842,0,0,0,0
828,828,844,0,0,0,0
829,829,850,0,0,0,0
830,830,845,0,0,0,0
831,831,863,0,0,0,0
832,832,867,0,0,0,0
833,833,879,0,0,0,0
834,834,876,0,0,0,0
835,835,878,0,0,0,0
836,836,890,0,0,0,0
837,837,895,0,0,0,0
838,838,901,0,0,0,0
839,839,904,0,0,0,0
840,840,910,0,0,0,0
841,841,914,0,0,0,0
842,842,927,0,0,0,0
843,843,935,0,0,0,0
844,844,941,0,0,0,0
845,845,948,0,0,0,0
846,846,946,0,0,0,0
847,847,950,0,0,0,0
848,848,959,0,0,0,0
849,849,966,0,0,0,0
850,850,974,0,0,0,0
851,851,972,0,0,0,0
852,852,986,0,0,0,0
853,853,980,0,0,0,0
854,854,980,0,0,0,0
855,855,994,0,0,0,0
856,856,999,0,0,0,0
857,857,1010,0,0,0,0
858,858,1019,0,0,0,0
859,859,1013,0,0,0,0
860,860,1017,0,0,0,0
861,861,1024,0,0,0,0
862,862,1031,0,0,0,0
863,863,1048,0,0,0,0
864,864,1052,0,0,0,0
865,865,1047,0,0,0,0
866,866,1059,0,0,0,0
867,867,1054,0,0,0,0
868,868,1059,0,0,0,0
869,869,1064,0,0,0,0
870,870,1063,0,0,0,0
871,871,1086,0,0,0,0
872,872,1081,0,0,0,0
873,873,1085,0,0,0,0
874,874,1100,0,0,0,0
875,875,1098,0,0,0,0
876,876,1102,0,0,0,0
877,877,609,9,102,493,1595
878,878,626,0,0,0,0
879,879,624,0,0,0,0
880,880,625,0,0,0,0
881,881,630,0,0,0,0
882,882,629,0,0,0,0
883,883,642,0,0,0,0
884,884,635,0,0,0,0
885,885,647,0,0,0,0
886,886,660,0,0,0,0
887,887,660,0,0,0,0
888,888,659,0,0,0,0
889,889,673,0,0,0,0
890,890,658,0,0,0,0
891,891,685,0,0,0,0
892,892,671,0,0,0,0
893,893,688,0,0,0,0
894,894,686,0,0,0,0
895,895,694,0,0,0,0
896,896,692,0,0,0,0
897,897,693,0,0,0,0
898,898,688,0,0,0,0
899,899,704,0,0,0,0
900,900,699,0,0,0,0
901,901,712,0,0,0,0
902,902,719,0,0,0,0
903,903,725,0,0,0,0
904,904,730,0,0,0,0
905,905,728,0,0,0,0
906,906,731,0,0,0,0
907,907,741,0,0,0,0
908,908,745,0,0,0,0
909,909,754,0,0,0,0
910,910,756,0,0,0,0
911,911,766,0,0,0,0
912,912,767,0,0,0,0
913,913,773,0,0,0,0
914,914,777,0,0,0,0
915,915,782,0,0,0,0
916,916,780,0,0,0,0
917,917,788,0,0,0,0
918,918,795,0,0,0,0
919,919,806,0,0,0,0
920,920,801,0,0,0,0
921,921,799,0,0,0,0
922,922,812,0,0,0,0
923,923,810,0,0,0,0
924,924,822,0,0,0,0
925,925,828,0,0,0,0
926,926,841,0,0,0,0
927,927,837,0,0,0,0
928,928,848,0,0,0,0
929,929,843,0,0,0,0
930,930,854,0,0,0,0
931,931,856,0,0,0,0
932,932,864,0,0,0,0
933,933,866,0,0,0,0
934,934,878,0,0,0,0
935,935,886,0,0,0,0
936,936,879,0,0,0,0
937,937,899,0,0,0,0
938,938,906,0,0,0,0
939,939,901,0,0,0,0
940,940,920,0,0,0,0
941,941,912,0,0,0,0
942,942,915,0,0,0,0
943,943,936,0,0,0,0
944,944,938,0,0,0,0
945,945,935,0,0,0,0
946,946,944,0,0,0,0
947,947,950,0,0,0,0
948,948,960,0,0,0,0
949,949,952,0,0,0,0
950,950,956,0,0,0,0
951,951,1020,0,0,0,0
952,952,976,0,0,0,0
953,953,980,0,0,0,0
954,954,984,0,0,0,0
955,955,992,0,0,0,0
956,956,997,0,0,0,0
957,957,1006,0,0,0,0
958,958,1000,0,0,0,0
959,959,1019,0,0,0,0
960,960,1011,0,0,0,0
961,961,1025,0,0,0,0
962,962,1029,0,0,0,0
963,963,1041,0,0,0,0
964,964,1053,0,0,0,0
965,965,1054,0,0,0,0
966,966,1055,0,0,0,0
967,967,1036,0,0,0,0
968,968,1054,0,0,0,0
969,969,1066,0,0,0,0
970,970,1067,0,0,0,0
971,971,1075,0,0,0,0
972,972,633,10,95,442,1517
973,973,638,0,0,0,0
974,974,647,0,0,0,0
975,975,653,0,0,0,0
976,976,641,0,0,0,0
977,977,654,0,0,0,0
978,978,657,0,0,0,0
979,979,662,0,0,0,0
980,980,660,0,0,0,0
981,981,668,0,0,0,0
982,982,679,0,0,0,0
983,983,683,0,0,0,0
984,984,677,0,0,0,0
985,985,685,0,0,0,0
986,986,695,0,0,0,0
987,987,697,0,0,0,0
988,988,698,0,0,0,0
989,989,706,0,0,0,0
990,990,701,0,0,0,0
991,991,709,0,0,0,0
992,992,713,0,0,0,0
993,993,719,0,0,0,0
994,994,727,0,0,0,0
995,995,732,0,0,0,0
996,996,734,0,0,0,0
997,997,738,0,0,0,0
998,998,743,0,0,0,0
999,999,754,0,0,0,0
1000,1000,754,0,0,0,0
1001,1001,751,0,0,0,0
1002,1002,763,0,0,0,0
1003,1003,766,0,0,0,0
1004,1004,787,0,0,0,0
1005,1005,781,0,0,0,0
1006,1006,783,0,0,0,0
1007,1007,796,0,0,0,0
1008,1008,797,0,0,0,0
1009,1009,807,0,0,0,0
1010,1010,805,0,0,0,0
1011,1011,805,0,0,0,0
1012,1012,811,0,0,0,0
1013,1013,824,0,0,0,0
1014,1014,828,0,0,0,0
1015,1015,832,0,0,0,0
1016,1016,832,0,0,0,0
1017,1017,834,0,0,0,0
1018,1018,847,0,0,0,0
1019,1019,854,0,0,0,0
1020,1020,852,0,0,0,0
1021,1021,853,0,0,0,0
1022,1022,860,0,0,0,0
1023,1023,876,0,0,0,0
1024,1024,878,0,0,0,0
1025,1025,883,0,0,0,0
1026,1026,877,0,0,0,0
1027,1027,902,0,0,0,0
1028,1028,901,0,0,0,0
1029,1029,903,0,0,0,0
1030,1030,911,0,0,0,0
1031,1031,909,0,0,0,0
1032,1032,933,0,0,0,0
1033,1033,939,0,0,0,0
1034,1034,925,0,0,0,0
1035,1035,942,0,0,0,0
1036,1036,952,0,0,0,0
1037,1037,956,0,0,0,0
1038,1038,956,0,0,0,0
1039,1039,962,0,0,0,0
1040,1040,970,0,0,0,0
1041,1041,965,0,0,0,0
1042,1042,978,0,0,0,0
1043,1043,985,0,0,0,0
1044,1044,988,0,0,0,0
1045,1045,986,0,0,0,0
1046,1046,997,0,0,0,0
1047,1047,987,0,0,0,0
1048,1048,1006,0,0,0,0
1049,1049,1008,0,0,0,0
1050,1050,1005,0,0,0,0
1051,1051,1012,0,0,0,0
1052,1052,1028,0,0,0,0
1053,1053,1027,0,0,0,0
1054,1054,1037,0,0,0,0
1055,1055,1040,0,0,0,0
1056,1056,1052,0,0,0,0
1057,1057,1056,0,0,0,0
1058,1058,1067,0,0,0,0
1059,1059,1061,0,0,0,0
1060,1060,1089,0,0,0,0
1061,1061,1069,0,0,0,0
1062,1062,1076,0,0,0,0
1063,1063,1088,0,0,0,0
1064,1064,1095,0,0,0,0
1065,1065,1108,0,0,0,0
1066,1066,1108,0,0,0,0
1067,1067,639,11,95,469,1577
1068,1068,642,0,0,0,0
1069,1069,642,0,0,0,0
1070,1070,653,0,0,0,0
1071,1071,655,0,0,0,0
1072,1072,657,0,0,0,0
1073,1073,657,0,0,0,0
1074,1074,670,0,0,0,0
1075,1075,675,0,0,0,0
1076,1076,679,0,0,0,0
1077,1077,664,0,0,0,0
1078,1078,679,0,0,0,0
1079,1079,688,0,0,0,0
1080,1080,691,0,0,0,0
1081,1081,694,0,0,0,0
1082,1082,699,0,0,0,0
1083,1083,699,0,0,0,0
1084,1084,710,0,0,0,0
1085,1085,709,0,0,0,0
1086,1086,706,0,0,0,0
1087,1087,720,0,0,0,0
1088,1088,724,0,0,0,0
1089,1089,730,0,0,0,0
1090,1090,734,0,0,0,0
1091,1091,746,0,0,0,0
1092,1092,748,0,0,0,0
1093,1093,746,0,0,0,0
1094,1094,754,0,0,0,0
1095,1095,763,0,0,0,0
1096,1096,767,0,0,0,0
1097,1097,768,0,0,0,0
1098,1098,777,0,0,0,0
1099,1099,776,0,0,0,0
1100,1100,791,0,0,0,0
1101,1101,793,0,0,0,0
1102,1102,800,0,0,0,0
1103,1103,800,0,0,0,0
1104,1104,811,0,0,0,0
1105,1105,804,0,0,0,0
1106,1106,816,0,0,0,0
1107,1107,821,0,0,0,0
1108,1108,822,0,0,0,0
1109,1109,830,0,0,0,0
1110,1110,843,0,0,0,0
1111,1111,839,0,0,0,0
1112,1112,836,0,0,0,0
1113,1113,856,0,0,0,0
1114,1114,864,0,0,0,0
1115,1115,866,0,0,0,0
1116,1116,876,0,0,0,0
1117,1117,870,0,0,0,0
1118,1118,873,0,0,0,0
1119,1119,889,0,0,0,0
1120,1120,892,0,0,0,0
1121,1121,894,0,0,0,0
1122,1122,908,0,0,0,0
1123,1123,915,0,0,0,0
1124,1124,922,0,0,0,0
1125,1125,927,0,0,0,0
1126,1126,932,0,0,0,0
1127,1127,937,0,0,0,0
1128,1128,940,0,0,0,0
1129,1129,947,0,0,0,0
1130,1130,945,0,0,0,0
1131,1131,954,0,0,0,0
1132,1132,973,0,0,0,0
1133,1133,963,0,0,0,0
1134,1134,964,0,0,0,0
1135,1135,981,0,0,0,0
1136,1136,978,0,0,0,0
1137,1137,988,0,0,0,0
1138,1138,998,0,0,0,0
1139,1139,1005,0,0,0,0
1140,1140,1006,0,0,0,0
1141,1141,1016,0,0,0,0
1142,1142,1028,0,0,0,0
1143,1143,1031,0,0,0,0
1144,1144,1037,0,0,0,0
1145,1145,1030,0,0,0,0
1146,1146,1037,0,0,0,0
1147,1147,1060,0,0,0,0
1148,1148,1068,0,0,0,0
1149,1149,1071,0,0,0,0
1150,1150,1083,0,0,0,0
1151,1151,1091,0,0,0,0
1152,1152,1100,0,0,0,0
1153,1153,1100,0,0,0,0
1154,1154,1107,0,0,0,0
1155,1155,1105,0,0,0,0
1156,1156,1109,0,0,0,0
1157,1157,1124,0,0,0,0
1158,1158,1112,0,0,0,0
1159,1159,1125,0,0,0,0
1160,1160,605,12,93,520,1645
1161,1161,608,0,0,0,0
1162,1162,607,0,0,0,0
1163,1163,623,0,0,0,0
1164,1164,634,0,0,0,0
1165,1165,642,0,0,0,0
1166,1166,639,0,0,0,0
1167,1167,638,0,0,0,0
1168,1168,651,0,0,0,0
1169,1169,639,0,0,0,0
1170,1170,651,0,0,0,0
1171,1171,657,0,0,0,0
1172,1172,665,0,0,0,0
1173,1173,673,0,0,0,0
1174,1174,681,0,0,0,0
1175,1175,682,0,0,0,0
1176,1176,687,0,0,0,0
1177,1177,696,0,0,0,0
1178,1178,701,0,0,0,0
1179,1179,697,0,0,0,0
1180,1180,704,0,0,0,0
1181,1181,709,0,0,0,0
1182,1182,717,0,0,0,0
1183,1183,717,0,0,0,0
1184,1184,721,0,0,0,0
1185,1185,728,0,0,0,0
1186,1186,730,0,0,0,0
1187,1187,740,0,0,0,0
1188,1188,749,0,0,0,0
1189,1189,744,0,0,0,0
1190,1190,739,0,0,0,0
1191,1191,754,0,0,0,0
1192,1192,761,0,0,0,0
1193,1193,775,0,0,0,0
1194,1194,770,0,0,0,0
1195,1195,779,0,0,0,0
1196,1196,784,0,0,0,0
1197,1197,785,0,0,0,0
1198,1198,785,0,0,0,0
1199,1199,798,0,0,0,0
1200,1200,808,0,0,0,0
1201,1201,804,0,0,0,0
1202,1202,807,0,0,0,0
1203,1203,822,0,0,0,0
1204,1204,827,0,0,0,0
1205,1205,823,0,0,0,0
1206,1206,828,0,0,0,0
1207,1207,824,0,0,0,0
1208,1208,840,0,0,0,0
1209,1209,848,0,0,0,0
1210,1210,850,0,0,0,0
1211,1211,857,0,0,0,0
1212,1212,864,0,0,0,0
1213,1213,865,0,0,0,0
1214,1214,866,0,0,0,0
1215,1215,877,0,0,0,0
1216,1216,881,0,0,0,0
1217,1217,886,0,0,0,0
1218,1218,899,0,0,0,0
1219,1219,894,0,0,0,0
1220,1220,907,0,0,0,0
1221,1221,923,0,0,0,0
1222,1222,924,0,0,0,0
1223,1223,925,0,0,0,0
1224,1224,935,0,0,0,0
1225,1225,932,0,0,0,0
1226,1226,940,0,0,0,0
1227,1227,952,0,0,0,0
1228,1228,959,0,0,0,0
1229,1229,961,0,0,0,0
1230,1230,955,0,0,0,0
1231,1231,974,0,0,0,0
1232,1232,977,0,0,0,0
1233,1233,984,0,0,0,0
1234,1234,998,0,0,0,0
1235,1235,989,0,0,0,0
1236,1236,1002,0,0,0,0
1237,1237,1010,0,0,0,0
1238,1238,1019,0,0,0,0
1239,1239,1026,0,0,0,0
1240,1240,1026,0,0,0,0
1241,1241,1030,0,0,0,0
1242,1242,1045,0,0,0,0
1243,1243,1055,0,0,0,0
1244,1244,1037,0,0,0,0
1245,1245,1048,0,0,0,0
1246,1246,1064,0,0,0,0
1247,1247,1073,0,0,0,0
1248,1248,1060,0,0,0,0
1249,1249,1075,0,0,0,0
1250,1250,1092,0,0,0,0
1251,1251,1083,0,0,0,0
1252,1252,1073,0,0,0,0
1253,1253,1080,0,0,0,0
1254,1254,1086,0,0,0,0
1255,1255,1081,0,0,0,0
1256,1256,1084,0,0,0,0
1257,1257,1090,0,0,0,0
1258,1258,1101,0,0,0,0
1259,1259,1102,0,0,0,0
1260,1260,1102,0,0,0,0
1261,1261,1148,0,0,0,0
1262,1262,1072,0,0,0,0
1263,1263,1072,0,0,0,0
1264,1264,1169,0,0,0,0
1265,1265,1171,0,0,0,0
1266,1266,1186,0,0,0,0
1267,1267,662,13,107,524,1710
1268,1268,664,0,0,0,0
1269,1269,667,0,0,0,0
1270,1270,674,0,0,0,0
1271,1271,677,0,0,0,0
1272,1272,679,0,0,0,0
1273,1273,685,0,0,0,0
1274,1274,695,0,0,0,0
1275,1275,697,0,0,0,0
1276,1276,706,0,0,0,0
1277,1277,708,0,0,0,0
1278,1278,721,0,0,0,0
1279,1279,709,0,0,0,0
1280,1280,717,0,0,0,0
1281,1281,726,0,0,0,0
1282,1282,728,0,0,0,0
1283,1283,729,0,0,0,0
1284,1284,734,0,0,0,0
1285,1285,749,0,0,0,0
1286,1286,752,0,0,0,0
1287,1287,745,0,0,0,0
1288,1288,752,0,0,0,0
1289,1289,758,0,0,0,0
1290,1290,768,0,0,0,0
1291,1291,762,0,0,0,0
1292,1292,770,0,0,0,0
1293,1293,777,0,0,0,0
1294,1294,787,0,0,0,0
1295,1295,780,0,0,0,0
1296,1296,789,0,0,0,0
1297,1297,801,0,0,0,0
1298,1298,804,0,0,0,0
1299,1299,801,0,0,0,0
1300,1300,816,0,0,0,0
1301,1301,813,0,0,0,0
1302,1302,831,0,0,0,0
1303,1303,836,0,0,0,0
1304,1304,834,0,0,0,0
1305,1305,843,0,0,0,0
1306,1306,850,0,0,0,0
1307,1307,851,0,0,0,0
1308,1308,853,0,0,0,0
1309,1309,847,0,0,0,0
1310,1310,868,0,0,0,0
1311,1311,866,0,0,0,0
1312,1312,874,0,0,0,0
1313,1313,878,0,0,0,0
1314,1314,880,0,0,0,0
1315,1315,890,0,0,0,0
1316,1316,898,0,0,0,0
1317,1317,891,0,0,0,0
1318,1318,909,0,0,0,0
1319,1319,906,0,0,0,0
1320,1320,917,0,0,0,0
1321,1321,917,0,0,0,0
1322,1322,922,0,0,0,0
1323,1323,924,0,0,0,0
1324,1324,926,0,0,0,0
1325,1325,919,0,0,0,0
1326,1326,926,0,0,0,0
1327,1327,939,0,0,0,0
1328,1328,951,0,0,0,0
1329,1329,947,0,0,0,0
1330,1330,961,0,0,0,0
1331,1331,955,0,0,0,0
1332,1332,978,0,0,0,0
1333,1333,983,0,0,0,0
1334,1334,985,0,0,0,0
1335,1335,994,0,0,0,0
1336,1336,997,0,0,0,0
1337,1337,1012,0,0,0,0
1338,1338,1031,0,0,0,0
1339,1339,1026,0,0,0,0
1340,1340,1039,0,0,0,0
1341,1341,1049,0,0,0,0
1342,1342,1051,0,0,0,0
1343,1343,1052,0,0,0,0
1344,1344,1057,0,0,0,0
1345,1345,1055,0,0,0,0
1346,1346,1065,0,0,0,0
1347,1347,1055,0,0,0,0
1348,1348,1072,0,0,0,0
1349,1349,1070,0,0,0,0
1350,1350,664,14,83,406,1476
1351,1351,667,0,0,0,0
1352,1352,662,0,0,0,0
1353,1353,674,0,0,0,0
1354,1354,675,0,0,0,0
1355,1355,678,0,0,0,0
1356,1356,679,0,0,0,0
1357,1357,691,0,0,0,0
1358,1358,697,0,0,0,0
1359,1359,704,0,0,0,0
1360,1360,695,0,0,0,0
1361,1361,695,0,0,0,0
1362,1362,714,0,0,0,0
1363,1363,717,0,0,0,0
1364,1364,717,0,0,0,0
1365,1365,728,0,0,0,0
1366,1366,730,0,0,0,0
1367,1367,737,0,0,0,0
1368,1368,749,0,0,0,0
1369,1369,750,0,0,0,0
1370,1370,755,0,0,0,0
1371,1371,754,0,0,0,0
1372,1372,761,0,0,0,0
1373,1373,764,0,0,0,0
1374,1374,770,0,0,0,0
1375,1375,776,0,0,0,0
1376,1376,783,0,0,0,0
1377,1377,775,0,0,0,0
1378,1378,788,0,0,0,0
1379,1379,802,0,0,0,0
1380,1380,802,0,0,0,0
1381,1381,801,0,0,0,0
1382,1382,802,0,0,0,0
1383,1383,809,0,0,0,0
1384,1384,819,0,0,0,0
1385,1385,833,0,0,0,0
1386,1386,821,0,0,0,0
1387,1387,835,0,0,0,0
1388,1388,835,0,0,0,0
1389,1389,844,0,0,0,0
1390,1390,853,0,0,0,0
1391,1391,850,0,0,0,0
1392,1392,862,0,0,0,0
1393,1393,877,0,0,0,0
1394,1394,868,0,0,0,0
1395,1395,882,0,0,0,0
1396,1396,868,0,0,0,0
1397,1397,893,0,0,0,0
1398,1398,891,0,0,0,0
1399,1399,894,0,0,0,0
1400,1400,907,0,0,0,0
1401,1401,905,0,0,0,0
1402,1402,913,0,0,0,0
1403,1403,923,0,0,0,0
1404,1404,927,0,0,0,0
1405,1405,926,0,0,0,0
1406,1406,930,0,0,0,0
1407,1407,944,0,0,0,0
1408,1408,949,0,0,0,0
1409,1409,953,0,0,0,0
1410,1410,948,0,0,0,0
1411,1411,959,0,0,0,0
1412,1412,973,0,0,0,0
1413,1413,972,0,0,0,0
1414,1414,982,0,0,0,0
1415,1415,976,0,0,0,0
1416,1416,993,0,0,0,0
1417,1417,1002,0,0,0,0
1418,1418,1006,0,0,0,0
1419,1419,1004,0,0,0,0
1420,1420,1018,0,0,0,0
1421,1421,1017,0,0,0,0
1422,1422,1033,0,0,0,0
1423,1423,1043,0,0,0,0
1424,1424,1054,0,0,0,0
1425,1425,1064,0,0,0,0
1426,1426,1066,0,0,0,0
1427,1427,1088,0,0,0,0
1428,1428,1091,0,0,0,0
1429,1429,1080,0,0,0,0
1430,1430,1058,0,0,0,0
1431,1431,1083,0,0,0,0
1432,1432,1076,0,0,0,0
1433,1433,1090,0,0,0,0
1434,1434,1092,0,0,0,0
1435,1435,1068,0,0,0,0
1436,1436,597,15,86,471,1539
1437,1437,600,0,0,0,0
1438,1438,623,0,0,0,0
1439,1439,622,0,0,0,0
1440,1440,630,0,0,0,0
1441,1441,626,0,0,0,0
1442,1442,632,0,0,0,0
1443,1443,628,0,0,0,0
1444,1444,640,0,0,0,0
1445,1445,648,0,0,0,0
1446,1446,647,0,0,0,0
1447,1447,648,0,0,0,0
1448,1448,654,0,0,0,0
1449,1449,653,0,0,0,0
1450,1450,671,0,0,0,0
1451,1451,666,0,0,0,0
1452,1452,668,0,0,0,0
1453,1453,673,0,0,0,0
1454,1454,683,0,0,0,0
1455,1455,682,0,0,0,0
1456,1456,687,0,0,0,0
1457,1457,691,0,0,0,0
1458,1458,696,0,0,0,0
1459,1459,707,0,0,0,0
1460,1460,709,0,0,0,0
1461,1461,707,0,0,0,0
1462,1462,714,0,0,0,0
1463,1463,716,0,0,0,0
1464,1464,719,0,0,0,0
1465,1465,730,0,0,0,0
1466,1466,724,0,0,0,0
1467,1467,731,0,0,0,0
1468,1468,728,0,0,0,0
1469,1469,743,0,0,0,0
1470,1470,747,0,0,0,0
1471,1471,761,0,0,0,0
1472,1472,753,0,0,0,0
1473,1473,760,0,0,0,0
1474,1474,771,0,0,0,0
1475,1475,788,0,0,0,0
1476,1476,789,0,0,0,0
1477,1477,790,0,0,0,0
1478,1478,799,0,0,0,0
1479,1479,799,0,0,0,0
1480,1480,805,0,0,0,0
1481,1481,803,0,0,0,0
1482,1482,807,0,0,0,0
1483,1483,820,0,0,0,0
1484,1484,827,0,0,0,0
1485,1485,828,0,0,0,0
1486,1486,830,0,0,0,0
1487,1487,833,0,0,0,0
1488,1488,841,0,0,0,0
1489,1489,848,0,0,0,0
1490,1490,851,0,0,0,0
1491,1491,857,0,0,0,0
1492,1492,860,0,0,0,0
1493,1493,871,0,0,0,0
1494,1494,874,0,0,0,0
1495,1495,879,0,0,0,0
1496,1496,882,0,0,0,0
1497,1497,880,0,0,0,0
1498,1498,886,0,0,0,0
1499,1499,895,0,0,0,0
1500,1500,908,0,0,0,0
1501,1501,920,0,0,0,0
1502,1502,921,0,0,0,0
1503,1503,921,0,0,0,0
1504,1504,925,0,0,0,0
1505,1505,929,0,0,0,0
1506,1506,934,0,0,0,0
1507,1507,938,0,0,0,0
1508,1508,939,0,0,0,0
1509,1509,938,0,0,0,0
1510,1510,952,0,0,0,0
1511,1511,962,0,0,0,0
1512,1512,966,0,0,0,0
1513,1513,975,0,0,0,0
1514,1514,975,0,0,0,0
1515,1515,975,0,0,0,0
1516,1516,990,0,0,0,0
1517,1517,995,0,0,0,0
1518,1518,997,0,0,0,0
1519,1519,1007,0,0,0,0
1520,1520,1023,0,0,0,0
1521,1521,1004,0,0,0,0
1522,1522,1007,0,0,0,0
1523,1523,1035,0,0,0,0
1524,1524,595,16,88,440,1475
1525,1525,604,0,0,0,0
1526,1526,610,0,0,0,0
1527,1527,616,0,0,0,0
1528,1528,618,0,0,0,0
1529,1529,619,0,0,0,0
1530,1530,620,0,0,0,0
1531,1531,622,0,0,0,0
1532,1532,624,0,0,0,0
1533,1533,635,0,0,0,0
1534,1534,639,0,0,0,0
1535,1535,639,0,0,0,0
1536,1536,646,0,0,0,0
1537,1537,651,0,0,0,0
1538,1538,656,0,0,0,0
1539,1539,651,0,0,0,0
1540,1540,660,0,0,0,0
1541,1541,669,0,0,0,0
1542,1542,665,0,0,0,0
1543,1543,664,0,0,0,0
1544,1544,668,0,0,0,0
1545,1545,674,0,0,0,0
1546,1546,678,0,0,0,0
1547,1547,687,0,0,0,0
1548,1548,694,0,0,0,0
1549,1549,692,0,0,0,0
1550,1550,700,0,0,0,0
1551,1551,705,0,0,0,0
1552,1552,707,0,0,0,0
1553,1553,718,0,0,0,0
1554,1554,721,0,0,0,0
1555,1555,718,0,0,0,0
1556,1556,719,0,0,0,0
1557,1557,727,0,0,0,0
1558,1558,731,0,0,0,0
1559,1559,743,0,0,0,0
1560,1560,741,0,0,0,0
1561,1561,745,0,0,0,0
1562,1562,753,0,0,0,0
1563,1563,759,0,0,0,0
1564,1564,756,0,0,0,0
1565,1565,773,0,0,0,0
1566,1566,766,0,0,0,0
1567,1567,778,0,0,0,0
1568,1568,788,0,0,0,0
1569,1569,782,0,0,0,0
1570,1570,787,0,0,0,0
1571,1571,794,0,0,0,0
1572,1572,805,0,0,0,0
1573,1573,806,0,0,0,0
1574,1574,811,0,0,0,0
1575,1575,814,0,0,0,0
1576,1576,824,0,0,0,0
1577,1577,837,0,0,0,0
1578,1578,826,0,0,0,0
1579,1579,831,0,0,0,0
1580,1580,842,0,0,0,0
1581,1581,841,0,0,0,0
1582,1582,858,0,0,0,0
1583,1583,854,0,0,0,0
1584,1584,862,0,0,0,0
1585,1585,860,0,0,0,0
1586,1586,879,0,0,0,0
1587,1587,868,0,0,0,0
1588,1588,874,0,0,0,0
1589,1589,882,0,0,0,0
1590,1590,892,0,0,0,0
1591,1591,895,0,0,0,0
1592,1592,902,0,0,0,0
1593,1593,907,0,0,0,0
1594,1594,908,0,0,0,0
1595,1595,905,0,0,0,0
1596,1596,919,0,0,0,0
1597,1597,932,0,0,0,0
1598,1598,934,0,0,0,0
1599,1599,928,0,0,0,0
1600,1600,932,0,0,0,0
1601,1601,930,0,0,0,0
1602,1602,944,0,0,0,0
1603,1603,952,0,0,0,0
1604,1604,962,0,0,0,0
1605,1605,965,0,0,0,0
1606,1606,978,0,0,0,0
1607,1607,983,0,0,0,0
1608,1608,978,0,0,0,0
1609,1609,987,0,0,0,0
1610,1610,996,0,0,0,0
1611,1611,997,0,0,0,0
1612,1612,1003,0,0,0,0
1613,1613,1010,0,0,0,0
1614,1614,1013,0,0,0,0
1615,1615,1044,0,0,0,0
1616,1616,1029,0,0,0,0
1617,1617,1022,0,0,0,0
1618,1618,1047,0,0,0,0
1619,1619,1036,0,0,0,0
1620,1620,1030,0,0,0,0
1621,1621,1060,0,0,0,0
1622,1622,582,17,98,478,1538
1623,1623,607,0,0,0,0
1624,1624,614,0,0,0,0
1625,1625,633,0,0,0,0
1626,1626,634,0,0,0,0
1627,1627,641,0,0,0,0
1628,1628,630,0,0,0,0
1629,1629,641,0,0,0,0
1630,1630,648,0,0,0,0
1631,1631,648,0,0,0,0
1632,1632,1077,0,0,0,0
1633,1633,658,0,0,0,0
1634,1634,660,0,0,0,0
1635,1635,674,0,0,0,0
1636,1636,676,0,0,0,0
1637,1637,665,0,0,0,0
1638,1638,686,0,0,0,0
1639,1639,684,0,0,0,0
1640,1640,690,0,0,0,0
1641,1641,694,0,0,0,0
1642,1642,694,0,0,0,0
1643,1643,700,0,0,0,0
1644,1644,713,0,0,0,0
1645,1645,712,0,0,0,0
1646,1646,728,0,0,0,0
1647,1647,717,0,0,0,0
1648,1648,721,0,0,0,0
1649,1649,719,0,0,0,0
1650,1650,723,0,0,0,0
1651,1651,745,0,0,0,0
1652,1652,738,0,0,0,0
1653,1653,746,0,0,0,0
1654,1654,750,0,0,0,0
1655,1655,753,0,0,0,0
1656,1656,755,0,0,0,0
1657,1657,758,0,0,0,0
1658,1658,774,0,0,0,0
1659,1659,789,0,0,0,0
1660,1660,783,0,0,0,0
1661,1661,789,0,0,0,0
1662,1662,796,0,0,0,0
1663,1663,803,0,0,0,0
1664,1664,794,0,0,0,0
1665,1665,802,0,0,0,0
1666,1666,804,0,0,0,0
1667,1667,817,0,0,0,0
1668,1668,812,0,0,0,0
1669,1669,826,0,0,0,0
1670,1670,832,0,0,0,0
1671,1671,837,0,0,0,0
1672,1672,845,0,0,0,0
1673,1673,839,0,0,0,0
1674,1674,842,0,0,0,0
1675,1675,841,0,0,0,0
1676,1676,857,0,0,0,0
1677,1677,854,0,0,0,0
1678,1678,863,0,0,0,0
1679,1679,873,0,0,0,0
1680,1680,883,0,0,0,0
1681,1681,887,0,0,0,0
1682,1682,886,0,0,0,0
1683,1683,892,0,0,0,0
1684,1684,901,0,0,0,0
1685,1685,896,0,0,0,0
1686,1686,907,0,0,0,0
1687,1687,911,0,0,0,0
1688,1688,916,0,0,0,0
1689,1689,917,0,0,0,0
1690,1690,929,0,0,0,0
1691,1691,936,0,0,0,0
1692,1692,942,0,0,0,0
1693,1693,942,0,0,0,0
1694,1694,949,0,0,0,0
1695,1695,945,0,0,0,0
1696,1696,959,0,0,0,0
1697,1697,964,0,0,0,0
1698,1698,958,0,0,0,0
1699,1699,978,0,0,0,0
1700,1700,972,0,0,0,0
1701,1701,991,0,0,0,0
1702,1702,988,0,0,0,0
1703,1703,1006,0,0,0,0
1704,1704,1005,0,0,0,0
1705,1705,1014,0,0,0,0
1706,1706,1021,0,0,0,0
1707,1707,1037,0,0,0,0
1708,1708,1041,0,0,0,0
1709,1709,1044,0,0,0,0
1710,1710,1047,0,0,0,0
1711,1711,1063,0,0,0,0
1712,1712,1063,0,0,0,0
1713,1713,1056,0,0,0,0
1714,1714,1076,0,0,0,0
1715,1715,1042,0,0,0,0
1716,1716,1074,0,0,0,0
1717,1717,588,18,95,486,1560
1718,1718,585,0,0,0,0
1719,1719,595,0,0,0,0
1720,1720,602,0,0,0,0
1721,1721,612,0,0,0,0
1722,1722,606,0,0,0,0
1723,1723,614,0,0,0,0
1724,1724,625,0,0,0,0
1725,1725,627,0,0,0,0
1726,1726,620,0,0,0,0
1727,1727,637,0,0,0,0
1728,1728,633,0,0,0,0
1729,1729,645,0,0,0,0
1730,1730,646,0,0,0,0
1731,1731,644,0,0,0,0
1732,1732,648,0,0,0,0
1733,1733,655,0,0,0,0
1734,1734,659,0,0,0,0
1735,1735,669,0,0,0,0
1736,1736,672,0,0,0,0
1737,1737,679,0,0,0,0
1738,1738,680,0,0,0,0
1739,1739,687,0,0,0,0
1740,1740,678,0,0,0,0
1741,1741,688,0,0,0,0
1742,1742,691,0,0,0,0
1743,1743,697,0,0,0,0
1744,1744,701,0,0,0,0
1745,1745,701,0,0,0,0
1746,1746,711,0,0,0,0
1747,1747,711,0,0,0,0
1748,1748,707,0,0,0,0
1749,1749,720,0,0,0,0
1750,1750,734,0,0,0,0
1751,1751,739,0,0,0,0
1752,1752,733,0,0,0,0
1753,1753,742,0,0,0,0
1754,1754,747,0,0,0,0
1755,1755,754,0,0,0,0
1756,1756,757,0,0,0,0
1757,1757,762,0,0,0,0
1758,1758,764,0,0,0,0
1759,1759,772,0,0,0,0
1760,1760,768,0,0,0,0
1761,1761,787,0,0,0,0
1762,1762,790,0,0,0,0
1763,1763,802,0,0,0,0
1764,1764,797,0,0,0,0
1765,1765,797,0,0,0,0
1766,1766,791,0,0,0,0
1767,1767,815,0,0,0,0
1768,1768,819,0,0,0,0
1769,1769,817,0,0,0,0
1770,1770,817,0,0,0,0
1771,1771,823,0,0,0,0
1772,1772,825,0,0,0,0
1773,1773,834,0,0,0,0
1774,1774,845,0,0,0,0
1775,1775,853,0,0,0,0
1776,1776,854,0,0,0,0
1777,1777,867,0,0,0,0
1778,1778,853,0,0,0,0
1779,1779,871,0,0,0,0
1780,1780,866,0,0,0,0
1781,1781,876,0,0,0,0
1782,1782,888,0,0,0,0
1783,1783,889,0,0,0,0
1784,1784,886,0,0,0,0
1785,1785,902,0,0,0,0
1786,1786,897,0,0,0,0
1787,1787,914,0,0,0,0
1788,1788,921,0,0,0,0
1789,1789,917,0,0,0,0
1790,1790,924,0,0,0,0
1791,1791,932,0,0,0,0
1792,1792,939,0,0,0,0
1793,1793,940,0,0,0,0
1794,1794,948,0,0,0,0
1795,1795,947,0,0,0,0
1796,1796,959,0,0,0,0
1797,1797,961,0,0,0,0
1798,1798,972,0,0,0,0
1799,1799,974,0,0,0,0
1800,1800,989,0,0,0,0
1801,1801,988,0,0,0,0
1802,1802,1001,0,0,0,0
1803,1803,1005,0,0,0,0
1804,1804,1010,0,0,0,0
1805,1805,1020,0,0,0,0
1806,1806,1024,0,0,0,0
1807,1807,1030,0,0,0,0
1808,1808,1030,0,0,0,0
1809,1809,1052,0,0,0,0
1810,1810,1048,0,0,0,0
1811,1811,1051,0,0,0,0
1812,1812,1063,0,0,0,0
1813,1813,1070,0,0,0,0
1814,1814,1064,0,0,0,0
1815,1815,1081,0,0,0,0
1816,1816,1081,0,0,0,0
1817,1817,1074,0,0,0,0
1818,1818,1086,0,0,0,0
1819,1819,618,19,102,468,1554
1820,1820,622,0,0,0,0
1821,1821,619,0,0,0,0
1822,1822,629,0,0,0,0
1823,1823,636,0,0,0,0
1824,1824,642,0,0,0,0
1825,1825,643,0,0,0,0
1826,1826,640,0,0,0,0
1827,1827,653,0,0,0,0
1828,1828,655,0,0,0,0
1829,1829,659,0,0,0,0
1830,1830,655,0,0,0,0
1831,1831,663,0,0,0,0
1832,1832,667,0,0,0,0
1833,1833,674,0,0,0,0
1834,1834,671,0,0,0,0
1835,1835,679,0,0,0,0
1836,1836,694,0,0,0,0
1837,1837,692,0,0,0,0
1838,1838,686,0,0,0,0
1839,1839,702,0,0,0,0
1840,1840,700,0,0,0,0
1841,1841,712,0,0,0,0
1842,1842,718,0,0,0,0
1843,1843,729,0,0,0,0
1844,1844,727,0,0,0,0
1845,1845,723,0,0,0,0
1846,1846,727,0,0,0,0
1847,1847,737,0,0,0,0
1848,1848,738,0,0,0,0
1849,1849,742,0,0,0,0
1850,1850,747,0,0,0,0
1851,1851,749,0,0,0,0
1852,1852,754,0,0,0,0
1853,1853,757,0,0,0,0
1854,1854,768,0,0,0,0
1855,1855,767,0,0,0,0
1856,1856,770,0,0,0,0
1857,1857,774,0,0,0,0
1858,1858,781,0,0,0,0
1859,1859,777,0,0,0,0
1860,1860,789,0,0,0,0
1861,1861,790,0,0,0,0
1862,1862,802,0,0,0,0
1863,1863,814,0,0,0,0
1864,1864,803,0,0,0,0
1865,1865,824,0,0,0,0
1866,1866,820,0,0,0,0
1867,1867,845,0,0,0,0
1868,1868,831,0,0,0,0
1869,1869,844,0,0,0,0
1870,1870,845,0,0,0,0
1871,1871,849,0,0,0,0
1872,1872,844,0,0,0,0
1873,1873,857,0,0,0,0
1874,1874,863,0,0,0,0
1875,1875,872,0,0,0,0
1876,1876,883,0,0,0,0
1877,1877,877,0,0,0,0
1878,1878,890,0,0,0,0
1879,1879,882,0,0,0,0
1880,1880,895,0,0,0,0
1881,1881,898,0,0,0,0
1882,1882,906,0,0,0,0
1883,1883,912,0,0,0,0
1884,1884,916,0,0,0,0
1885,1885,923,0,0,0,0
1886,1886,920,0,0,0,0
1887,1887,926,0,0,0,0
1888,1888,934,0,0,0,0
1889,1889,937,0,0,0,0
1890,1890,944,0,0,0,0
1891,1891,954,0,0,0,0
1892,1892,953,0,0,0,0
1893,1893,972,0,0,0,0
1894,1894,963,0,0,0,0
1895,1895,977,0,0,0,0
1896,1896,982,0,0,0,0
1897,1897,986,0,0,0,0
1898,1898,1000,0,0,0,0
1899,1899,1007,0,0,0,0
